user_id,name,email,last_movie_watched,date_watched
1,John Salazar,jamie76@wolf.com,2,2025-05-30
1,John Salazar,jamie76@wolf.com,10,2025-06-01
1,John Salazar,jamie76@wolf.com,41,2025-06-24
1,John Salazar,jamie76@wolf.com,29,2025-06-14
1,John Salazar,jamie76@wolf.com,20,2025-06-03
1,John Salazar,jamie76@wolf.com,21,2025-06-04
2,Justin Lloyd,briandavis@yahoo.com,23,2025-06-16
2,Justin Lloyd,briandavis@yahoo.com,1,2025-06-07
2,Justin Lloyd,briandavis@yahoo.com,6,2025-06-13
2,Justin Lloyd,briandavis@yahoo.com,23,2025-06-17
2,Justin Lloyd,briandavis@yahoo.com,50,2025-05-28
2,Justin Lloyd,briandavis@yahoo.com,6,2025-06-05
2,Justin Lloyd,briandavis@yahoo.com,8,2025-06-13
3,Julia Johnson,umeza@phillips.com,37,2025-06-06
3,Julia Johnson,umeza@phillips.com,17,2025-06-03
3,Julia Johnson,umeza@phillips.com,49,2025-05-29
3,Julia Johnson,umeza@phillips.com,6,2025-06-05
3,Julia Johnson,umeza@phillips.com,20,2025-06-04
3,Julia Johnson,umeza@phillips.com,33,2025-05-29
4,Antonio Armstrong,millerkathy@erickson.net,12,2025-06-14
4,Antonio Armstrong,millerkathy@erickson.net,35,2025-06-05
4,Antonio Armstrong,millerkathy@erickson.net,34,2025-06-09
4,Antonio Armstrong,millerkathy@erickson.net,39,2025-06-03
4,Antonio Armstrong,millerkathy@erickson.net,2,2025-06-09
4,Antonio Armstrong,millerkathy@erickson.net,12,2025-05-27
4,Antonio Armstrong,millerkathy@erickson.net,20,2025-06-05
5,Justin Perez,aalexander@hotmail.com,29,2025-06-12
5,Justin Perez,aalexander@hotmail.com,6,2025-06-24
5,Justin Perez,aalexander@hotmail.com,5,2025-06-09
5,Justin Perez,aalexander@hotmail.com,35,2025-06-09
6,Samuel Moore,gabriel29@taylor.com,21,2025-06-20
6,Samuel Moore,gabriel29@taylor.com,11,2025-05-28
6,Samuel Moore,gabriel29@taylor.com,47,2025-06-23
6,Samuel Moore,gabriel29@taylor.com,9,2025-06-18
7,Angela Johns,qdominguez@english.info,45,2025-06-21
7,Angela Johns,qdominguez@english.info,10,2025-06-11
7,Angela Johns,qdominguez@english.info,34,2025-05-31
7,Angela Johns,qdominguez@english.info,21,2025-06-04
7,Angela Johns,qdominguez@english.info,29,2025-06-23
7,Angela Johns,qdominguez@english.info,9,2025-06-15
7,Angela Johns,qdominguez@english.info,2,2025-05-28
8,Cynthia Meadows,ayalabradley@yahoo.com,29,2025-06-12
8,Cynthia Meadows,ayalabradley@yahoo.com,6,2025-05-30
8,Cynthia Meadows,ayalabradley@yahoo.com,4,2025-06-07
8,Cynthia Meadows,ayalabradley@yahoo.com,2,2025-06-04
8,Cynthia Meadows,ayalabradley@yahoo.com,5,2025-06-02
8,Cynthia Meadows,ayalabradley@yahoo.com,10,2025-06-22
8,Cynthia Meadows,ayalabradley@yahoo.com,9,2025-06-25
9,Erik Johnson,dfisher@hotmail.com,29,2025-06-11
9,Erik Johnson,dfisher@hotmail.com,9,2025-06-02
9,Erik Johnson,dfisher@hotmail.com,27,2025-05-29
9,Erik Johnson,dfisher@hotmail.com,6,2025-06-13
9,Erik Johnson,dfisher@hotmail.com,12,2025-06-16
9,Erik Johnson,dfisher@hotmail.com,21,2025-06-07
9,Erik Johnson,dfisher@hotmail.com,4,2025-05-29
10,David Cole,xgarcia@morris.com,34,2025-06-19
10,David Cole,xgarcia@morris.com,20,2025-06-25
10,David Cole,xgarcia@morris.com,7,2025-05-27
10,David Cole,xgarcia@morris.com,9,2025-06-08
10,David Cole,xgarcia@morris.com,8,2025-06-10
10,David Cole,xgarcia@morris.com,10,2025-06-12
10,David Cole,xgarcia@morris.com,47,2025-06-16
10,David Cole,xgarcia@morris.com,29,2025-06-11
11,Jennifer Williamson,belltimothy@briggs.biz,34,2025-06-05
11,Jennifer Williamson,belltimothy@briggs.biz,1,2025-06-23
11,Jennifer Williamson,belltimothy@briggs.biz,49,2025-06-09
11,Jennifer Williamson,belltimothy@briggs.biz,11,2025-06-14
11,Jennifer Williamson,belltimothy@briggs.biz,21,2025-06-24
11,Jennifer Williamson,belltimothy@briggs.biz,20,2025-05-31
11,Jennifer Williamson,belltimothy@briggs.biz,11,2025-06-11
12,Sandra Gray,hugheshayley@roberts.org,20,2025-06-16
12,Sandra Gray,hugheshayley@roberts.org,41,2025-06-25
12,Sandra Gray,hugheshayley@roberts.org,19,2025-06-25
12,Sandra Gray,hugheshayley@roberts.org,37,2025-05-29
12,Sandra Gray,hugheshayley@roberts.org,36,2025-05-29
12,Sandra Gray,hugheshayley@roberts.org,21,2025-05-27
13,James Green,caitlinjoyce@edwards.com,9,2025-06-16
13,James Green,caitlinjoyce@edwards.com,38,2025-05-30
13,James Green,caitlinjoyce@edwards.com,4,2025-05-29
13,James Green,caitlinjoyce@edwards.com,4,2025-06-13
14,Kevin Woods,jacob38@yahoo.com,23,2025-06-15
14,Kevin Woods,jacob38@yahoo.com,34,2025-06-09
14,Kevin Woods,jacob38@yahoo.com,23,2025-06-05
15,Garrett Luna,nbishop@gallegos.com,5,2025-06-20
15,Garrett Luna,nbishop@gallegos.com,34,2025-06-20
15,Garrett Luna,nbishop@gallegos.com,26,2025-06-23
16,Jennifer Benjamin,kthompson@yahoo.com,37,2025-06-14
16,Jennifer Benjamin,kthompson@yahoo.com,29,2025-05-27
16,Jennifer Benjamin,kthompson@yahoo.com,6,2025-06-07
17,Robin Brown,nfrost@gmail.com,29,2025-05-30
17,Robin Brown,nfrost@gmail.com,10,2025-06-06
17,Robin Brown,nfrost@gmail.com,37,2025-06-11
17,Robin Brown,nfrost@gmail.com,10,2025-06-07
17,Robin Brown,nfrost@gmail.com,34,2025-06-19
17,Robin Brown,nfrost@gmail.com,21,2025-06-19
18,Erin Hart,anthonyvilla@robinson.org,5,2025-06-15
18,Erin Hart,anthonyvilla@robinson.org,29,2025-06-10
18,Erin Hart,anthonyvilla@robinson.org,7,2025-06-12
18,Erin Hart,anthonyvilla@robinson.org,9,2025-06-17
18,Erin Hart,anthonyvilla@robinson.org,8,2025-06-09
19,Clayton Paul,robertcampbell@scott.org,16,2025-06-11
19,Clayton Paul,robertcampbell@scott.org,8,2025-06-16
19,Clayton Paul,robertcampbell@scott.org,23,2025-06-06
19,Clayton Paul,robertcampbell@scott.org,40,2025-06-04
19,Clayton Paul,robertcampbell@scott.org,42,2025-06-16
20,Amber Campbell,claudia36@yahoo.com,47,2025-06-02
20,Amber Campbell,claudia36@yahoo.com,34,2025-06-02
20,Amber Campbell,claudia36@yahoo.com,8,2025-06-25
20,Amber Campbell,claudia36@yahoo.com,6,2025-06-13
20,Amber Campbell,claudia36@yahoo.com,10,2025-06-05
20,Amber Campbell,claudia36@yahoo.com,29,2025-06-05
20,Amber Campbell,claudia36@yahoo.com,12,2025-06-18
21,Melissa Pace,margaretwilliams@chavez.com,47,2025-06-15
21,Melissa Pace,margaretwilliams@chavez.com,21,2025-05-31
21,Melissa Pace,margaretwilliams@chavez.com,47,2025-06-01
21,Melissa Pace,margaretwilliams@chavez.com,34,2025-06-13
22,Christopher Gordon,yfarrell@hotmail.com,3,2025-06-04
22,Christopher Gordon,yfarrell@hotmail.com,41,2025-06-08
22,Christopher Gordon,yfarrell@hotmail.com,10,2025-06-07
22,Christopher Gordon,yfarrell@hotmail.com,21,2025-06-06
22,Christopher Gordon,yfarrell@hotmail.com,20,2025-06-07
22,Christopher Gordon,yfarrell@hotmail.com,6,2025-06-20
23,Brandon Hinton,thomas55@hansen.com,45,2025-06-20
23,Brandon Hinton,thomas55@hansen.com,35,2025-06-22
23,Brandon Hinton,thomas55@hansen.com,12,2025-06-19
24,Emma Horton,davissara@hotmail.com,20,2025-06-09
24,Emma Horton,davissara@hotmail.com,10,2025-06-10
24,Emma Horton,davissara@hotmail.com,41,2025-05-27
24,Emma Horton,davissara@hotmail.com,3,2025-06-21
24,Emma Horton,davissara@hotmail.com,14,2025-06-09
24,Emma Horton,davissara@hotmail.com,34,2025-05-29
24,Emma Horton,davissara@hotmail.com,41,2025-05-30
25,Angela Smith,patrick32@lewis-bender.com,27,2025-06-08
25,Angela Smith,patrick32@lewis-bender.com,48,2025-06-19
25,Angela Smith,patrick32@lewis-bender.com,9,2025-06-21
25,Angela Smith,patrick32@lewis-bender.com,12,2025-06-15
25,Angela Smith,patrick32@lewis-bender.com,2,2025-06-14
25,Angela Smith,patrick32@lewis-bender.com,12,2025-06-23
25,Angela Smith,patrick32@lewis-bender.com,27,2025-06-18
26,Cameron Morgan,randallowens@bridges.com,16,2025-06-02
26,Cameron Morgan,randallowens@bridges.com,41,2025-06-17
26,Cameron Morgan,randallowens@bridges.com,25,2025-06-02
26,Cameron Morgan,randallowens@bridges.com,31,2025-06-22
26,Cameron Morgan,randallowens@bridges.com,47,2025-06-23
26,Cameron Morgan,randallowens@bridges.com,23,2025-06-10
26,Cameron Morgan,randallowens@bridges.com,41,2025-06-10
26,Cameron Morgan,randallowens@bridges.com,15,2025-06-19
27,Ann Moore,thompsonmary@gmail.com,20,2025-06-15
27,Ann Moore,thompsonmary@gmail.com,47,2025-05-30
27,Ann Moore,thompsonmary@gmail.com,41,2025-06-04
28,Ryan Gardner,courtneymendez@crawford-williams.com,23,2025-06-20
28,Ryan Gardner,courtneymendez@crawford-williams.com,47,2025-05-27
28,Ryan Gardner,courtneymendez@crawford-williams.com,2,2025-06-08
28,Ryan Gardner,courtneymendez@crawford-williams.com,10,2025-06-22
28,Ryan Gardner,courtneymendez@crawford-williams.com,10,2025-06-18
29,Erika Chaney,millerlaura@yahoo.com,20,2025-05-27
29,Erika Chaney,millerlaura@yahoo.com,41,2025-06-15
29,Erika Chaney,millerlaura@yahoo.com,29,2025-06-15
30,David Abbott,jason48@gmail.com,29,2025-05-28
30,David Abbott,jason48@gmail.com,2,2025-06-14
30,David Abbott,jason48@gmail.com,1,2025-06-22
30,David Abbott,jason48@gmail.com,41,2025-05-28
30,David Abbott,jason48@gmail.com,37,2025-06-23
30,David Abbott,jason48@gmail.com,48,2025-06-10
30,David Abbott,jason48@gmail.com,12,2025-05-31
