customerName,productName,purchaseDate,price
Joyce Aguilar,Headphones,1/23/2022,1749.09
Michael Rhodes,Router,7/2/2024,1423.36
Cynthia Weaver,Drone,1/4/2024,1255.78
Ernest Clark,Power Bank,5/20/2023,1680.43
Roger Flores,Smart TV,5/26/2024,1235.64
William Johnson,Monitor,2/4/2022,1513.86
Jacob Malone,Smartwatch,10/6/2024,1534.29
Robert Peterson,Tablet,4/21/2022,1451.89
Maria Williams,SSD,7/5/2020,803.61
Daniel Bonilla,Smartwatch,9/28/2020,859.15
Paul Lee,Laptop,3/16/2023,1293.3
Kevin Baker,Hard Drive,3/2/2021,1144.2
William Johnson,Laptop,9/17/2024,1166.75
Joshua Chan,SSD,6/23/2023,66.71
Mary Rhodes,Tablet,10/6/2024,622.23
Mr. Brandon Robinson,Monitor,8/21/2020,1665.85
Kevin Baker,Tablet,4/30/2024,1508.01
Robert Peterson,Laptop,6/15/2024,1602.87
Christina Rodriguez,Mouse,12/12/2021,425.68
Christina Rodriguez,Smart TV,8/1/2021,1614.23
Mr. Matthew Hayes,Drone,11/25/2022,818.92
Ernest Clark,Power Bank,9/10/2021,483.69
William Johnson,Headphones,11/19/2020,783.64
Mr. Brandon Robinson,Drone,5/14/2021,1869.56
Mary Rhodes,Game Console,10/25/2022,1443.99
Jose Franklin,SSD,10/14/2020,1944.87
Roger Flores,Bluetooth Speaker,5/9/2023,1773.6
Mackenzie Rice,Camera,9/26/2020,1527.72
Ashley Cardenas,Bluetooth Speaker,4/24/2024,187.77
Paul Lee,Smart TV,8/26/2021,1036.08
Mr. Brandon Robinson,Smartphone,8/14/2021,1362.72
Paul Lee,SSD,6/27/2024,1973.67
Paul Lee,Printer,10/30/2024,685.2
Stephanie Wilson,Laptop,12/12/2021,950.37
Ashley Cardenas,Tablet,10/7/2022,1661.79
Maria Williams,Printer,10/1/2020,420.25
George Gallagher,Hard Drive,3/13/2021,1951.13
Sara Wiggins,Hard Drive,2/5/2022,1494.6
Kevin Baker,Monitor,2/16/2021,970.34
Joyce Aguilar,Tablet,8/14/2020,480.2
Sara Wiggins,Keyboard,2/5/2024,632.28
Jacob Malone,SSD,7/26/2021,889.23
Brittany Pitts,Router,4/25/2021,1112.78
Roger Flores,Monitor,3/14/2024,563.36
Michael Gonzalez,Router,8/15/2024,1165.83
Mackenzie Rice,Keyboard,6/23/2020,396.78
Jose Franklin,Power Bank,12/1/2022,1243.31
Michael Rhodes,Router,9/6/2020,387.57
Tonya Hammond,Router,10/25/2021,1008.17
Kevin Baker,Keyboard,2/11/2024,1176.92
Joshua Chan,Bluetooth Speaker,9/28/2021,604.7
Michael Rhodes,Smartwatch,6/26/2020,790.63
William Johnson,Smartwatch,3/25/2023,1890.45
Michael Rhodes,Smartwatch,10/17/2021,811.02
Mary Rhodes,Headphones,3/25/2022,1080.18
Judith Oconnor,Keyboard,4/5/2020,1686.6
Mary Rhodes,SSD,1/29/2020,944.91
Daniel Bonilla,Smart TV,8/27/2021,691.37
Michael Morrison,Keyboard,2/6/2020,712.12
Maria Williams,Smart TV,1/14/2022,87.21
Maria Williams,Laptop,6/12/2023,1035.34
Maria Williams,Tablet,7/16/2021,918.98
Judith Oconnor,SSD,12/8/2024,1460.22
Annette Smith,Keyboard,8/1/2021,1508.72
Tiffany Griffith,Camera,11/17/2022,1753.49
Brent Jimenez,Smart TV,2/17/2024,1152.05
Tina Williams,Monitor,10/2/2021,1278.4
Maria Williams,Hard Drive,9/21/2024,1747.64
Tina Williams,Headphones,5/16/2021,1905.57
Evan Lloyd,Smartwatch,1/12/2020,539.27
Mr. Matthew Hayes,Game Console,2/24/2024,181.68
Brittany Pitts,Tablet,2/25/2020,1968.69
William Johnson,Printer,4/7/2023,1537.96
Stephanie Wilson,Mouse,7/6/2022,73.97
Mr. Matthew Hayes,Drone,5/21/2022,543.51
Paul Lee,Smart TV,12/16/2022,1643.47
Annette Smith,VR Headset,11/12/2020,587.91
Brent Jimenez,Graphics Card,2/2/2020,1545.84
Kevin Baker,Camera,1/11/2024,1499.04
Alexis Brown,Printer,12/12/2022,1390.04
Alexis Brown,Camera,3/21/2024,1239.31
Jose Franklin,Camera,6/9/2021,600.05
Tiffany Griffith,Laptop,10/13/2021,622.6
Mr. Matthew Hayes,Headphones,11/15/2021,1348.35
Paul Lee,Game Console,8/27/2024,1288.2
Judith Oconnor,Power Bank,1/1/2021,1284.88
Evan Lloyd,SSD,9/21/2022,247.15
Maria Williams,SSD,11/9/2022,1888.7
Michael Rhodes,Smartphone,9/26/2021,1935.01
Sara Wiggins,Power Bank,7/29/2020,901.64
Ashley Cardenas,Drone,12/11/2020,1770.48
Mary Rhodes,Hard Drive,2/22/2020,349.52
Joyce Aguilar,Monitor,12/18/2021,1333.67
Tina Williams,Tablet,6/5/2023,1501.31
Paul Martinez,Printer,12/4/2023,478.17
Robert Peterson,Hard Drive,7/14/2024,1538.77
Paul Lee,Mouse,11/2/2022,1461.76
Jacob Malone,VR Headset,5/23/2023,1768.95
Michael Rhodes,Mouse,12/14/2021,1183.82
Mr. Matthew Hayes,Keyboard,3/23/2021,577.12
Mr. Matthew Hayes,Camera,11/6/2024,1947.12
Christina Rodriguez,Drone,5/14/2022,274.63
Jose Franklin,Printer,7/23/2024,1370.25
Brent Jimenez,Graphics Card,4/18/2023,1521.69
Tiffany Griffith,Graphics Card,8/18/2024,170.04
Tiffany Griffith,Power Bank,10/26/2021,1245.02
Annette Smith,SSD,1/13/2023,256.12
Sara Wiggins,SSD,8/3/2023,1026.9
Judith Oconnor,Headphones,2/12/2021,906.01
Paul Lee,Smartwatch,10/4/2022,1946.77
Ernest Clark,Mouse,1/17/2024,1531.87
Annette Smith,Monitor,3/16/2020,1375.7
Mr. Brandon Robinson,Drone,2/5/2024,1348.8
Brittany Pitts,Smartphone,3/12/2024,1572.1
Tiffany Griffith,Monitor,12/18/2022,1585.71
Robert Peterson,Printer,11/12/2021,870.67
Annette Smith,Bluetooth Speaker,11/22/2022,966.71
Barbara Maddox,Printer,6/25/2024,1759.7
Mackenzie Rice,Headphones,5/29/2024,1106.96
Brittany Pitts,Power Bank,6/6/2020,1786.93
Mackenzie Rice,Camera,1/11/2021,1307.08
Kevin Baker,SSD,8/30/2021,1201.82
William Johnson,SSD,1/18/2022,1875.43
George Gallagher,Bluetooth Speaker,6/21/2023,1132.69
Mr. Brandon Robinson,Router,3/30/2024,719.95
Michael Rhodes,Camera,9/12/2024,1963.01
Robert Peterson,Printer,2/9/2023,1732.01
Tina Williams,Hard Drive,11/22/2022,1011.68
Stephanie Wilson,Bluetooth Speaker,3/10/2021,875.96
Brittany Pitts,VR Headset,9/24/2021,100.79
Joyce Aguilar,VR Headset,1/10/2021,1775.3
Evan Lloyd,Hard Drive,5/21/2023,1094.39
Cynthia Weaver,VR Headset,8/4/2024,781.87
Brittany Pitts,Camera,2/25/2022,336.56
Brent Jimenez,Smartphone,5/10/2024,1093.25
Mary Rhodes,Game Console,4/11/2024,1345.07
Mr. Brandon Robinson,Tablet,3/19/2023,1115.58
Michael Gonzalez,Printer,10/18/2023,439.85
Maria Williams,Smartphone,4/18/2023,1034.87
Michael Rhodes,Power Bank,4/7/2020,1583.76
Jacob Malone,VR Headset,12/21/2022,1620.05
Jacob Malone,Drone,5/24/2020,1890.26
Joshua Chan,Graphics Card,4/12/2021,214.77
Christina Rodriguez,Graphics Card,1/15/2024,683.35
Cynthia Weaver,Bluetooth Speaker,9/4/2023,465.56
Paul Lee,Laptop,5/23/2022,648.75
Sara Wiggins,Printer,2/28/2021,198.12
Tonya Hammond,Mouse,9/29/2020,95.62
Michael Gonzalez,Keyboard,9/1/2020,1305.87
Maria Williams,SSD,6/19/2020,964.74
Mr. Matthew Hayes,Tablet,8/16/2023,661.78
Mr. Brandon Robinson,Graphics Card,1/23/2020,1900.04
Judith Oconnor,SSD,11/13/2024,459.45
Maria Williams,Keyboard,8/7/2023,421.38
Judith Oconnor,Game Console,2/1/2022,736.52
Michael Gonzalez,Tablet,7/5/2024,274.82
Michael Rhodes,Camera,4/21/2024,673.62
Evan Lloyd,Headphones,8/26/2022,371.7
Michael Gonzalez,Headphones,10/10/2022,1819.97
Ashley Cardenas,Monitor,8/23/2021,1837.45
Maria Williams,Keyboard,4/9/2023,146.77
Mr. Matthew Hayes,SSD,11/29/2020,1608.64
Matthew Randall,Bluetooth Speaker,9/30/2023,256.8
Ashley Cardenas,Keyboard,10/31/2022,1650.96
Paul Lee,VR Headset,1/21/2024,1203.37
George Gallagher,Smartwatch,9/15/2024,746.53
Ashley Cardenas,Headphones,4/12/2020,657.57
Daniel Bonilla,Laptop,2/11/2023,830.27
Paul Lee,Camera,2/9/2022,718.17
William Johnson,Game Console,7/22/2022,996.29
Judith Oconnor,Laptop,2/22/2022,289.02
Tiffany Griffith,Router,8/11/2024,1167.07
Daniel Bonilla,Power Bank,9/18/2020,1106.72
Cynthia Weaver,Mouse,2/6/2022,145.35
Tiffany Griffith,Power Bank,5/19/2024,1504.25
Sara Wiggins,Mouse,7/4/2022,366.57
Cynthia Weaver,Smartphone,1/7/2022,890.6
Evan Lloyd,VR Headset,5/19/2022,1579.35
Mackenzie Rice,Power Bank,5/6/2022,1916.18
Paul Martinez,Power Bank,2/19/2020,744.74
Alexis Brown,Printer,12/27/2020,522.95
Maria Williams,Hard Drive,11/13/2022,1209.36
Beth Hill,VR Headset,11/30/2023,381.21
Jose Franklin,Camera,5/22/2021,1067.38
Mary Rhodes,Mouse,2/28/2022,738.73
Barbara Maddox,Headphones,8/20/2024,1365.51
Brittany Pitts,Hard Drive,10/11/2023,1642.25
Tonya Hammond,Keyboard,5/10/2022,1508.66
Paul Martinez,Drone,3/12/2024,196.98
Annette Smith,Tablet,5/20/2024,705.6
Mr. Matthew Hayes,Monitor,12/17/2024,652.71
Robert Peterson,Tablet,2/12/2022,1539.66
Daniel Bonilla,Printer,3/13/2023,1660.05
Daniel Bonilla,Graphics Card,7/3/2023,811.32
Jacob Malone,Smartwatch,2/10/2022,1304.74
Beth Hill,Monitor,8/14/2021,1297.71
Paul Martinez,Printer,8/31/2024,1332.44
Alexis Brown,SSD,7/26/2022,1754.53
Roger Flores,Drone,11/27/2021,96.25
Christina Rodriguez,Keyboard,2/22/2024,1549.27
Matthew Randall,Camera,3/15/2021,493.42
Mr. Brandon Robinson,Graphics Card,6/8/2020,1783.71
Tiffany Griffith,VR Headset,5/23/2020,928.55
Michael Rhodes,Game Console,3/30/2022,1138.93
Ashley Cardenas,Monitor,9/24/2023,764.44
Evan Lloyd,Printer,8/22/2023,183.67
Brent Jimenez,Tablet,6/23/2020,1940.58
Tiffany Griffith,Mouse,8/27/2020,365.57
Joyce Aguilar,SSD,1/1/2020,1709.34
Annette Smith,Game Console,9/23/2022,1961.77
Judith Oconnor,Smartphone,11/23/2024,1801.17
Paul Martinez,Game Console,12/20/2020,1074.48
Roger Flores,Router,12/27/2020,1085.38
Jose Franklin,Laptop,9/8/2020,1572.66
Matthew Randall,Bluetooth Speaker,6/11/2020,1384.09
Alexis Brown,Hard Drive,2/16/2021,292.49
Sara Wiggins,Router,1/31/2021,544.93
Kevin Baker,Router,11/28/2023,1054.05
Kevin Baker,Power Bank,8/27/2022,1009.65
Brittany Pitts,Camera,12/14/2020,1934.02
Michael Rhodes,Drone,11/24/2024,548.81
Tonya Hammond,Smart TV,5/19/2024,1746.94
Michael Morrison,Graphics Card,4/7/2020,789.92
Mackenzie Rice,Keyboard,8/3/2021,807.56
Robert Peterson,Keyboard,8/19/2021,145.21
Joyce Aguilar,Smart TV,5/27/2023,1415
Alexis Brown,Keyboard,8/30/2021,545.17
Mr. Matthew Hayes,Laptop,9/28/2023,621.92
Daniel Bonilla,Router,4/19/2022,350.61
Annette Smith,Printer,7/29/2023,745.16
Evan Lloyd,Tablet,6/14/2021,973.23
William Johnson,Drone,8/26/2020,1798.74
Joshua Chan,Smartphone,7/24/2021,1162.49
Tonya Hammond,Laptop,11/15/2024,1760.42
William Johnson,VR Headset,11/13/2024,1914.08
Cynthia Weaver,Printer,3/13/2023,1443.89
Jose Franklin,Bluetooth Speaker,10/31/2020,1986.35
Daniel Bonilla,VR Headset,11/3/2021,1722.71
Annette Smith,Keyboard,3/29/2023,297.14
Stephanie Wilson,Monitor,9/3/2020,188.52
Daniel Bonilla,Router,5/10/2024,623.22
Sara Wiggins,Graphics Card,6/16/2021,308.03
Jose Franklin,Camera,4/13/2021,1343
Mackenzie Rice,Smartwatch,3/2/2023,1698.2
Tina Williams,Smartphone,5/30/2024,240.93
Brent Jimenez,Smartphone,1/1/2020,1411.31
Michael Rhodes,Tablet,3/9/2023,296.19
Judith Oconnor,Keyboard,11/13/2024,1556.48
Daniel Bonilla,Smart TV,8/3/2021,825.4
Cynthia Weaver,Smartwatch,1/25/2023,1214.84
Sara Wiggins,Headphones,1/17/2022,1513.05
Mary Rhodes,Tablet,5/2/2020,1101.82
Stephanie Wilson,Mouse,12/21/2022,1041.76
Christina Rodriguez,Hard Drive,3/10/2021,624.61
Michael Rhodes,VR Headset,4/1/2021,424.93
Stephanie Wilson,VR Headset,6/12/2022,881.15
Mackenzie Rice,Power Bank,7/12/2024,908.55
Beth Hill,Power Bank,6/20/2022,331.16
Robert Peterson,Printer,7/15/2024,1333.05
Tonya Hammond,VR Headset,10/15/2022,1417.68
Joyce Aguilar,Headphones,5/1/2023,1641.95
Daniel Bonilla,Monitor,11/20/2023,211.12
Mr. Brandon Robinson,Camera,4/14/2020,1385.03
Judith Oconnor,Game Console,10/29/2023,1237.24
Brent Jimenez,Smartwatch,8/9/2021,1161.5
Roger Flores,Tablet,4/4/2020,306.72
Ashley Cardenas,Router,6/16/2020,492.44
Evan Lloyd,Printer,7/17/2022,1697.4
Brittany Pitts,Monitor,6/1/2020,257.23
Judith Oconnor,Laptop,8/22/2024,741.13
Jose Franklin,Smartwatch,9/22/2022,1146.43
Christina Rodriguez,VR Headset,12/30/2023,1035.66
Stephanie Wilson,Bluetooth Speaker,2/10/2024,1180.37
Michael Gonzalez,Headphones,8/5/2020,462.45
Beth Hill,Tablet,5/18/2020,795.92
Jacob Malone,Graphics Card,2/5/2022,1442.56
Matthew Randall,Power Bank,9/2/2021,1415.53
Paul Lee,Tablet,10/4/2023,1544.48
Christina Rodriguez,Smart TV,10/20/2024,1717.99
Cynthia Weaver,Printer,10/5/2023,1041.55
Mr. Matthew Hayes,Smart TV,12/17/2023,111.84
Mackenzie Rice,Headphones,10/12/2023,831.98
Evan Lloyd,Laptop,3/17/2022,981
Tiffany Griffith,SSD,11/9/2021,524.23
Ernest Clark,Game Console,4/28/2020,1112.93
Michael Morrison,Smart TV,2/17/2023,734.92
Tiffany Griffith,VR Headset,1/14/2023,1982.93
Joyce Aguilar,Camera,6/20/2022,1159.61
Sara Wiggins,Power Bank,8/28/2023,265.87
Ernest Clark,Laptop,4/29/2021,1877.28
Robert Peterson,Smart TV,6/15/2021,1462.42
Christina Rodriguez,Smart TV,10/31/2021,1917.05
Annette Smith,Printer,9/26/2021,1462.54
Joshua Chan,Router,4/11/2023,1308.46
Paul Lee,Printer,9/20/2022,1378.93
Michael Gonzalez,Drone,7/23/2024,207.36
Stephanie Wilson,Tablet,8/27/2023,1622.52
Robert Peterson,Smartphone,12/16/2020,530.87
Michael Morrison,Headphones,11/18/2021,190.31
Mary Rhodes,Keyboard,4/15/2021,1061.73
Paul Lee,Drone,1/6/2021,81.17
Jose Franklin,Game Console,4/22/2024,915.34
Matthew Randall,VR Headset,10/7/2020,1949.43
Alexis Brown,Hard Drive,10/28/2023,1711.57
Roger Flores,Keyboard,3/15/2024,457.46
Judith Oconnor,Power Bank,5/1/2022,1836.16
Ernest Clark,Hard Drive,10/11/2022,606.68
Tonya Hammond,Mouse,2/2/2024,1367.85
Tiffany Griffith,Printer,9/7/2022,700.94
Daniel Bonilla,Laptop,10/5/2022,962.77
Mackenzie Rice,Keyboard,12/21/2022,324.26
Kevin Baker,Mouse,10/13/2021,1222.39
Robert Peterson,Mouse,10/27/2024,256.36
Sara Wiggins,Headphones,9/7/2023,1125.53
Cynthia Weaver,Smartphone,7/1/2023,1698.27
Beth Hill,Monitor,2/19/2024,1796.57
Brittany Pitts,Game Console,6/19/2023,946.44
Tonya Hammond,Headphones,11/8/2022,1317.39
Cynthia Weaver,Printer,9/14/2023,1640.77
Sara Wiggins,Smartwatch,7/11/2020,1069.61
Mary Rhodes,Bluetooth Speaker,7/13/2021,1000.46
Mackenzie Rice,Mouse,8/23/2023,1650.72
Daniel Bonilla,Graphics Card,11/29/2024,1378.57
William Johnson,Mouse,3/10/2024,1461.9
Robert Peterson,Router,9/9/2020,1639.07
Barbara Maddox,Game Console,11/4/2024,1287.35
Jacob Malone,Router,11/8/2024,1781.88
Brent Jimenez,Headphones,11/17/2024,127.36
Brent Jimenez,Camera,4/21/2024,426.79
Matthew Randall,Tablet,5/26/2020,1837.58
Jacob Malone,Game Console,3/5/2023,85.52
Barbara Maddox,Camera,7/1/2024,1432.6
Annette Smith,Power Bank,7/31/2021,1559.42
Judith Oconnor,SSD,12/16/2023,528.48
Matthew Randall,Keyboard,5/28/2023,877.34
Roger Flores,Keyboard,11/8/2024,1122.11
Alexis Brown,Headphones,8/6/2023,767.42
Beth Hill,Smart TV,6/5/2023,1837.51
Roger Flores,Camera,2/17/2024,526.33
Mr. Brandon Robinson,Printer,5/16/2024,1337.26
Maria Williams,Router,5/30/2024,1328.81
Robert Peterson,Router,5/17/2021,956.12
Mackenzie Rice,Printer,1/18/2020,1197.68
Beth Hill,Tablet,6/21/2023,1639.06
Paul Martinez,Tablet,12/16/2020,1429.91
Jose Franklin,Printer,7/24/2020,262.98
Michael Gonzalez,Mouse,5/22/2024,420.87
Brittany Pitts,SSD,11/27/2021,310.38
Alexis Brown,Bluetooth Speaker,9/24/2023,914.88
Maria Williams,Mouse,4/23/2021,774.48
Paul Lee,Laptop,12/2/2020,487.72
Judith Oconnor,Mouse,3/25/2020,178.77
Tonya Hammond,Mouse,9/4/2023,728.86
Stephanie Wilson,Power Bank,4/20/2022,383.4
Mackenzie Rice,Printer,1/29/2023,845.22
Mary Rhodes,SSD,3/31/2021,1854.6
Tiffany Griffith,Power Bank,3/26/2022,411.21
Evan Lloyd,Power Bank,11/14/2020,317.45
Mr. Matthew Hayes,Keyboard,10/23/2023,1606.28
Paul Martinez,Router,6/3/2022,418.12
Brittany Pitts,Keyboard,7/14/2024,1038.26
Jose Franklin,Smartphone,12/4/2021,894.06
George Gallagher,Hard Drive,4/30/2021,691.6
Mary Rhodes,Laptop,7/30/2020,800.51
Brittany Pitts,Monitor,9/5/2022,1883.41
Michael Morrison,Graphics Card,10/25/2024,1997.26
Joyce Aguilar,Tablet,12/4/2021,107.91
Daniel Bonilla,Camera,5/6/2023,1335.24
Sara Wiggins,Monitor,8/11/2023,1805.09
Judith Oconnor,Camera,2/4/2020,1741.29
Brittany Pitts,Tablet,9/23/2023,553.07
Barbara Maddox,VR Headset,7/6/2022,1956.88
Robert Peterson,Headphones,7/24/2020,1034.92
Alexis Brown,Monitor,12/18/2020,1911.4
Roger Flores,Graphics Card,2/15/2022,166.26
Jacob Malone,Bluetooth Speaker,3/1/2022,1661.58
Barbara Maddox,Hard Drive,11/4/2024,1841.6
Michael Rhodes,Graphics Card,10/1/2021,1766.16
Robert Peterson,Keyboard,4/25/2024,798.36
Robert Peterson,Printer,7/29/2020,530.27
Joshua Chan,Drone,6/11/2022,1232.38
Joshua Chan,Drone,8/22/2020,1249.15
Christina Rodriguez,Game Console,3/18/2020,1294.71
Cynthia Weaver,Mouse,9/17/2022,1256
Ernest Clark,Monitor,6/27/2022,1298.92
Tiffany Griffith,Bluetooth Speaker,8/26/2020,1940.08
Judith Oconnor,Smart TV,9/25/2022,1348.04
Michael Morrison,Mouse,7/14/2020,1479.59
Maria Williams,Laptop,3/7/2023,1992.72
Jose Franklin,Camera,6/29/2021,1272.06
Michael Rhodes,SSD,8/2/2023,1058.46
Kevin Baker,Mouse,6/22/2021,626.47
Barbara Maddox,Keyboard,9/14/2024,750.13
Paul Lee,Headphones,6/14/2021,991.96
Beth Hill,Mouse,11/7/2021,1599.68
Annette Smith,Bluetooth Speaker,6/29/2021,305.8
Tonya Hammond,Bluetooth Speaker,9/4/2022,1499.94
Joyce Aguilar,Drone,1/7/2021,1431.75
William Johnson,Printer,5/15/2020,1012.07
Annette Smith,Game Console,3/4/2023,1643.13
Paul Lee,Camera,9/11/2023,913.38
Ashley Cardenas,Graphics Card,11/19/2020,901.57
George Gallagher,Mouse,2/27/2020,1948.78
Judith Oconnor,Mouse,3/9/2021,502.85
Mackenzie Rice,SSD,9/21/2020,862.53
Ernest Clark,Hard Drive,4/18/2023,1246.51
Barbara Maddox,SSD,11/4/2022,763.66
Ashley Cardenas,Headphones,1/17/2020,312.62
Robert Peterson,Smartphone,11/9/2023,1233.4
Tina Williams,Game Console,4/20/2021,1164.46
Joyce Aguilar,Monitor,3/19/2024,1059.62
Ashley Cardenas,Headphones,4/22/2021,1339.61
Roger Flores,Headphones,2/17/2024,1550.51
Paul Lee,Graphics Card,1/25/2020,177
Alexis Brown,SSD,2/1/2021,1176.64
Paul Lee,SSD,2/28/2024,452.94
Maria Williams,Tablet,1/19/2020,959.64
Alexis Brown,Headphones,1/6/2023,896.35
Mary Rhodes,Laptop,3/10/2022,1020.62
Michael Rhodes,Laptop,5/15/2022,1758.09
Joyce Aguilar,Smartwatch,2/11/2024,565.13
Ernest Clark,Bluetooth Speaker,2/22/2020,466.18
Stephanie Wilson,Smartphone,1/2/2020,362.18
Brittany Pitts,Printer,1/19/2024,1860.41
Matthew Randall,Router,11/26/2023,1898.31
Matthew Randall,Tablet,6/25/2022,1405.38
Paul Lee,Graphics Card,10/5/2022,1369.78
Jose Franklin,Camera,10/25/2021,593.39
Christina Rodriguez,Bluetooth Speaker,6/11/2022,1346.14
Kevin Baker,Bluetooth Speaker,1/20/2023,222.1
Mary Rhodes,VR Headset,7/25/2023,357.46
Annette Smith,Tablet,3/4/2024,187.4
Christina Rodriguez,Hard Drive,6/17/2024,1495.23
Paul Martinez,Hard Drive,7/7/2020,142.21
Daniel Bonilla,SSD,5/25/2021,497.57
Michael Gonzalez,Router,5/7/2024,1939.4
Cynthia Weaver,Keyboard,3/22/2024,989.76
Daniel Bonilla,VR Headset,11/27/2024,1430.16
Paul Martinez,Power Bank,8/20/2021,1472.57
Joshua Chan,Power Bank,6/8/2020,325.12
Tonya Hammond,Smartphone,4/21/2023,1225.44
Cynthia Weaver,Graphics Card,1/1/2020,125.22
Joyce Aguilar,Keyboard,2/16/2020,784.62
Mr. Matthew Hayes,Bluetooth Speaker,4/9/2022,1517.34
Paul Lee,SSD,8/12/2022,476.18
Tonya Hammond,Bluetooth Speaker,1/24/2020,198.8
Joshua Chan,SSD,3/10/2022,1413.24
Michael Rhodes,Smart TV,2/5/2023,1233.26
Tiffany Griffith,Tablet,4/25/2024,294.72
Jose Franklin,Smart TV,3/6/2020,137.18
Paul Martinez,Printer,2/26/2020,400.53
Michael Morrison,SSD,1/17/2020,535.46
Cynthia Weaver,Smart TV,2/26/2022,1841.55
Sara Wiggins,Camera,5/18/2020,267.47
Annette Smith,Hard Drive,7/18/2023,903.95
Robert Peterson,Smart TV,1/13/2022,780.04
Maria Williams,Headphones,6/22/2024,1418.3
Jose Franklin,SSD,7/28/2024,1570.95
Ashley Cardenas,VR Headset,6/7/2022,1409.49
Cynthia Weaver,Hard Drive,10/4/2022,935.76
Brent Jimenez,Bluetooth Speaker,1/28/2022,750.59
Cynthia Weaver,Hard Drive,2/8/2024,707.47
Judith Oconnor,Smartwatch,3/28/2021,1997.1
Paul Martinez,Smartwatch,9/18/2022,259.51
Ashley Cardenas,Camera,3/3/2024,1086.09
Beth Hill,Smart TV,10/16/2023,870.31
Brent Jimenez,Headphones,1/3/2024,1895.8
Joshua Chan,Game Console,10/14/2021,636.76
Jose Franklin,Smart TV,9/20/2022,1977.89
Ashley Cardenas,Power Bank,5/29/2022,1759.05
Roger Flores,Hard Drive,1/21/2021,528.83
Brent Jimenez,Camera,6/19/2022,333.85
Sara Wiggins,Keyboard,12/10/2020,1194.18
Sara Wiggins,Smartphone,3/13/2022,1019.01
Jacob Malone,Bluetooth Speaker,2/8/2023,95.03
Mary Rhodes,Power Bank,4/19/2024,1739.75
Ashley Cardenas,Hard Drive,10/29/2023,1912.53
Brittany Pitts,Keyboard,7/26/2021,294.21
Christina Rodriguez,Drone,3/24/2022,658.85
Tonya Hammond,Router,9/11/2020,1067.61
Jose Franklin,Monitor,2/7/2024,622.09
Cynthia Weaver,VR Headset,8/17/2021,417.43
Daniel Bonilla,Router,8/12/2024,1384.03
Ashley Cardenas,Router,12/1/2023,466.9
Robert Peterson,Game Console,6/9/2020,1498.13
Evan Lloyd,Laptop,7/2/2021,675.48
Mr. Brandon Robinson,Router,3/9/2021,53.25
Cynthia Weaver,Router,1/9/2023,548.67
Brent Jimenez,Router,9/23/2024,1636.73
Joyce Aguilar,Monitor,8/27/2023,63.17
Brent Jimenez,Smartwatch,7/7/2024,1289.47
Beth Hill,SSD,8/20/2023,846.47
Stephanie Wilson,Smartphone,4/13/2020,790.97
Jacob Malone,Smartwatch,9/27/2023,352.7
Judith Oconnor,Drone,2/19/2022,890.8
Barbara Maddox,Smartwatch,1/27/2021,897.08
Barbara Maddox,Smart TV,2/24/2022,1018.85
Evan Lloyd,Graphics Card,7/1/2024,1276.25
George Gallagher,Graphics Card,4/17/2023,142.04
Joshua Chan,Camera,8/3/2021,807.52
Brittany Pitts,Headphones,8/1/2021,382.74
Judith Oconnor,Bluetooth Speaker,1/31/2022,893.85
Joyce Aguilar,Power Bank,6/13/2024,332.45
Ernest Clark,Drone,4/9/2020,1143.74
Evan Lloyd,Smart TV,9/15/2021,556.32
Michael Rhodes,Laptop,10/22/2022,1452.4
Mackenzie Rice,Keyboard,6/5/2022,1181.6
Alexis Brown,Power Bank,11/3/2021,1884.78
Stephanie Wilson,Hard Drive,7/24/2021,1773.12
Evan Lloyd,VR Headset,3/15/2020,1237.93
Daniel Bonilla,Smartwatch,4/6/2022,816.37
Mary Rhodes,Printer,1/27/2020,1131.57
Robert Peterson,Drone,11/3/2023,697.97
Stephanie Wilson,Smartphone,1/26/2024,490.28
Michael Rhodes,VR Headset,11/18/2020,201.24
Christina Rodriguez,Smart TV,1/7/2023,757.3
Joyce Aguilar,Bluetooth Speaker,4/21/2020,717.53
Michael Rhodes,Printer,8/17/2021,501.7
Michael Morrison,Drone,12/14/2020,825.65
Tina Williams,Monitor,1/2/2021,1267.5
Maria Williams,Tablet,4/22/2020,1532.54
Mr. Brandon Robinson,Graphics Card,4/6/2023,1429.79
Joshua Chan,Hard Drive,9/8/2022,337.73
Jose Franklin,Laptop,9/24/2023,358.19
Tina Williams,Printer,3/6/2023,75.3
Michael Rhodes,Smartphone,2/26/2022,1718.27
Ernest Clark,Graphics Card,5/5/2024,1787.04
George Gallagher,Monitor,10/27/2023,1444.33
Mackenzie Rice,Keyboard,4/11/2024,1715.33
Michael Gonzalez,Mouse,7/4/2024,1953.41
Joshua Chan,Laptop,9/28/2024,1204.53
Matthew Randall,Smart TV,9/17/2020,1443.84
Michael Morrison,Smartwatch,8/29/2021,471
Stephanie Wilson,Monitor,7/25/2023,734.86
Jose Franklin,Keyboard,8/9/2024,1431.84
Annette Smith,Smart TV,6/26/2022,1123.86
Kevin Baker,Headphones,11/17/2020,936.59
Cynthia Weaver,Drone,1/16/2023,492.12
Roger Flores,Tablet,10/15/2020,1106.28
Barbara Maddox,Smart TV,2/13/2023,1986.91
Roger Flores,Smartwatch,3/4/2021,459.41
Roger Flores,Smartphone,8/29/2021,1844.48
Ashley Cardenas,Printer,4/16/2023,1319.48
Annette Smith,Drone,2/1/2024,1565.64
Stephanie Wilson,Bluetooth Speaker,5/16/2024,483.97
Brittany Pitts,Drone,1/24/2022,564.84
Michael Gonzalez,VR Headset,4/10/2024,253.4
Mr. Brandon Robinson,Mouse,1/2/2021,1177.35
Roger Flores,Router,8/9/2021,1922.96
Brittany Pitts,Laptop,5/16/2020,284.36
Tonya Hammond,Power Bank,10/24/2021,1357.8
Robert Peterson,Power Bank,11/1/2021,64.15
George Gallagher,Power Bank,2/5/2021,626.51
Ernest Clark,VR Headset,7/7/2022,1745.03
George Gallagher,Camera,10/30/2024,391.11
Jose Franklin,Power Bank,11/15/2023,1951.91
Paul Martinez,Keyboard,8/11/2020,233.23
Ashley Cardenas,Graphics Card,5/15/2024,1470.75
Mr. Matthew Hayes,Game Console,5/27/2023,1747.47
Jacob Malone,Mouse,2/1/2022,1944.53
Michael Rhodes,Headphones,12/12/2020,1393.82
Judith Oconnor,Drone,4/20/2023,1398.41
Roger Flores,Hard Drive,4/12/2022,1379.58
Joshua Chan,Smartwatch,1/23/2023,669.12
Cynthia Weaver,Tablet,2/14/2021,944.08
Evan Lloyd,SSD,8/16/2022,164.56
Brittany Pitts,Drone,2/13/2020,1663.22
Maria Williams,Game Console,9/28/2023,1277.99
Mr. Brandon Robinson,Smart TV,8/4/2020,1415.4
Tiffany Griffith,Printer,8/2/2022,336.58
Stephanie Wilson,Game Console,1/17/2020,1523.18
Barbara Maddox,Monitor,12/23/2023,1473.39
Evan Lloyd,Hard Drive,3/6/2023,611.17
George Gallagher,Router,3/17/2020,540.5
Mr. Matthew Hayes,SSD,7/17/2022,61.5
Beth Hill,Drone,5/1/2024,181.28
Stephanie Wilson,Hard Drive,2/22/2022,274.87
Joyce Aguilar,Headphones,7/18/2022,1733.72
Kevin Baker,Bluetooth Speaker,7/9/2021,465.29
Tonya Hammond,VR Headset,4/27/2020,133.9
Cynthia Weaver,Router,8/18/2024,451.16
Michael Rhodes,Hard Drive,8/8/2021,480.03
Beth Hill,Power Bank,2/19/2023,617.8
Annette Smith,Smart TV,12/1/2021,650.03
Alexis Brown,Laptop,5/5/2024,94.52
Jose Franklin,VR Headset,10/1/2022,1379.54
Jose Franklin,Keyboard,9/5/2023,1396.72
Brittany Pitts,Bluetooth Speaker,9/22/2023,206.55
Mackenzie Rice,Graphics Card,9/14/2020,1478.55
Ashley Cardenas,Tablet,9/24/2024,793.23
Tiffany Griffith,Smartwatch,11/6/2022,1230.27
Barbara Maddox,Camera,1/30/2020,789.07
Annette Smith,Hard Drive,3/11/2024,1261.05
Michael Gonzalez,Bluetooth Speaker,7/12/2021,635.11
Alexis Brown,Smart TV,8/6/2021,1240.34
Brittany Pitts,Hard Drive,5/2/2021,1376.68
Tina Williams,Bluetooth Speaker,1/17/2022,1494.98
Mr. Matthew Hayes,VR Headset,9/16/2022,711.89
Paul Martinez,Smartphone,7/17/2024,1218.34
Evan Lloyd,Smartwatch,1/13/2020,1539.64
Ashley Cardenas,Mouse,7/15/2021,1055.41
Brent Jimenez,VR Headset,12/24/2022,943.67
Cynthia Weaver,Laptop,8/22/2020,1481.68
Kevin Baker,Drone,8/18/2022,1853.33
Ernest Clark,Tablet,3/17/2022,1729.33
Beth Hill,VR Headset,5/6/2021,1371.15
Michael Rhodes,Mouse,11/20/2024,327.06
Michael Gonzalez,Monitor,2/2/2021,672.35
Evan Lloyd,Game Console,3/5/2024,1652.38
Joyce Aguilar,Laptop,10/11/2023,594.22
Daniel Bonilla,Router,6/19/2020,1779.61
Roger Flores,SSD,2/28/2022,1334.62
Mr. Matthew Hayes,Power Bank,3/17/2021,290.78
Annette Smith,Headphones,4/24/2024,145.52
Alexis Brown,Tablet,12/31/2021,974.16
Beth Hill,SSD,7/16/2022,1320.53
Jose Franklin,Game Console,2/9/2024,1947.14
Mackenzie Rice,Printer,7/28/2020,859.63
Cynthia Weaver,SSD,1/6/2021,1771.09
Brittany Pitts,Bluetooth Speaker,10/31/2024,1481.91
Paul Martinez,SSD,2/10/2022,1586.47
Matthew Randall,Mouse,5/26/2023,993.79
Ashley Cardenas,Monitor,2/17/2023,1045.59
Joshua Chan,Smart TV,8/27/2020,595.83
Jose Franklin,Smartwatch,12/16/2020,310.6
Mackenzie Rice,Power Bank,9/7/2022,1743.05
Robert Peterson,Printer,4/18/2021,330.97
Annette Smith,Smart TV,7/21/2020,440.9
Annette Smith,Power Bank,11/16/2023,1369.9
Tonya Hammond,Printer,8/26/2024,1113.68
Robert Peterson,SSD,5/2/2022,645.53
Joyce Aguilar,Game Console,5/8/2024,192.22
Brittany Pitts,Printer,6/9/2024,1741.34
Jacob Malone,Drone,11/27/2024,1770.24
Joyce Aguilar,Smart TV,6/29/2023,1200.93
William Johnson,Headphones,1/31/2022,441.43
Mary Rhodes,Laptop,10/28/2023,802.3
Maria Williams,Headphones,7/22/2023,1697.12
Michael Gonzalez,VR Headset,6/18/2024,63.86
Paul Martinez,Graphics Card,9/9/2024,664.48
Daniel Bonilla,Game Console,3/5/2020,837.9
Annette Smith,Bluetooth Speaker,9/15/2023,566.67
Judith Oconnor,Game Console,5/22/2024,400.25
Tina Williams,Camera,10/14/2021,342.97
Daniel Bonilla,Monitor,12/18/2021,1524.49
Paul Martinez,Smartphone,4/7/2024,1505.53
Sara Wiggins,Smartwatch,10/28/2021,1041.66
Michael Rhodes,Camera,8/22/2021,1342.41
Mr. Matthew Hayes,Tablet,11/20/2021,1816.01
Paul Martinez,Hard Drive,11/28/2021,897.78
Kevin Baker,Graphics Card,10/21/2023,995.6
Roger Flores,Camera,8/27/2020,1802.39
Brittany Pitts,Mouse,8/19/2024,718.47
William Johnson,Hard Drive,11/4/2023,1206.19
Mr. Brandon Robinson,Hard Drive,11/27/2023,1935.28
Beth Hill,Graphics Card,11/14/2021,55.27
Maria Williams,Hard Drive,6/18/2024,483.2
Paul Lee,Power Bank,12/13/2024,136.2
Joshua Chan,Smartphone,10/8/2022,75.52
Jose Franklin,Game Console,1/21/2024,395.91
Michael Gonzalez,Power Bank,7/27/2022,1020.56
Kevin Baker,Smartphone,6/19/2020,122.9
Annette Smith,Camera,11/4/2021,1478.84
Mr. Brandon Robinson,Router,7/17/2021,1231.17
Michael Rhodes,Power Bank,7/22/2024,175.17
Alexis Brown,Tablet,1/13/2024,1283.93
Paul Martinez,Power Bank,11/10/2023,1948.91
Mackenzie Rice,Game Console,4/26/2022,1469.29
Robert Peterson,Printer,5/2/2022,1936.45
Robert Peterson,Camera,10/26/2021,261.51
Mackenzie Rice,Drone,1/20/2020,356.66
Brittany Pitts,Monitor,6/8/2023,1692.69
Annette Smith,Mouse,3/10/2022,946.08
Tina Williams,Bluetooth Speaker,7/24/2020,1087.87
Alexis Brown,Monitor,1/5/2023,1723.27
Michael Rhodes,Hard Drive,9/28/2024,795.1
Tiffany Griffith,Hard Drive,4/28/2023,1350.06
Robert Peterson,Monitor,1/21/2023,131.32
Alexis Brown,Printer,7/15/2024,961.66
Brittany Pitts,Headphones,8/15/2021,1645.71
Mackenzie Rice,Smartphone,7/5/2021,907.48
Tonya Hammond,Tablet,7/17/2020,1794.92
Michael Morrison,Smartwatch,9/9/2021,1132.49
Daniel Bonilla,Drone,6/25/2022,1903.92
Paul Martinez,Laptop,3/30/2020,778.57
Kevin Baker,Hard Drive,5/7/2024,409.72
Christina Rodriguez,SSD,12/27/2021,1194.14
Beth Hill,Keyboard,4/30/2021,782.27
Beth Hill,Smartphone,10/14/2024,1727.87
Evan Lloyd,Mouse,11/4/2024,785.88
Tonya Hammond,Bluetooth Speaker,3/5/2021,202.24
Ernest Clark,Graphics Card,11/14/2024,1703.88
Michael Gonzalez,Smartphone,4/17/2022,304.57
Cynthia Weaver,Printer,7/19/2024,1003.56
Evan Lloyd,VR Headset,6/20/2023,287.81
Christina Rodriguez,Monitor,12/12/2020,810.23
Barbara Maddox,Router,3/27/2022,740.57
Michael Morrison,Smartwatch,8/10/2024,1707.41
Tina Williams,Hard Drive,11/2/2023,311.04
Matthew Randall,SSD,2/7/2023,454.33
Michael Rhodes,Laptop,9/19/2023,243.78
Mary Rhodes,Power Bank,11/24/2020,1759.83
Maria Williams,Graphics Card,5/29/2022,641.45
Robert Peterson,Smartwatch,5/10/2021,711.86
Jacob Malone,Router,9/30/2021,1682.37
Robert Peterson,Mouse,1/30/2022,164.4
Maria Williams,SSD,4/14/2022,98.81
Annette Smith,Printer,9/12/2024,1129.76
William Johnson,Smartphone,1/5/2023,1887.85
Tiffany Griffith,Graphics Card,5/26/2020,330.66
Tina Williams,Tablet,3/22/2023,565.28
Cynthia Weaver,Game Console,6/1/2023,1566.56
Annette Smith,Camera,2/18/2024,1993.28
George Gallagher,Keyboard,2/16/2020,101.33
Jose Franklin,Power Bank,10/12/2022,509.65
Jacob Malone,SSD,9/25/2021,1976.22
Joyce Aguilar,Mouse,2/8/2022,1124.54
Mary Rhodes,Graphics Card,3/18/2022,943.54
Paul Martinez,Tablet,1/28/2021,158.87
Stephanie Wilson,Tablet,9/3/2022,1457.49
Maria Williams,Smartwatch,12/18/2024,343.6
Evan Lloyd,Power Bank,4/6/2020,174.66
Brittany Pitts,Bluetooth Speaker,9/9/2020,1762.31
Joyce Aguilar,VR Headset,1/3/2022,392.24
Mary Rhodes,Tablet,10/6/2024,131.29
Matthew Randall,Bluetooth Speaker,4/4/2024,750.06
Kevin Baker,Laptop,11/28/2021,1125.16
Michael Rhodes,Printer,5/10/2023,58.16
Christina Rodriguez,Laptop,1/10/2021,975.93
Evan Lloyd,VR Headset,10/19/2024,1388.78
Jacob Malone,Camera,3/17/2022,1149.77
Robert Peterson,Bluetooth Speaker,12/5/2023,1737.08
Jacob Malone,Laptop,12/11/2020,1720.16
George Gallagher,Smart TV,5/31/2023,448.12
Barbara Maddox,Headphones,9/21/2020,1980.67
Judith Oconnor,Headphones,7/21/2021,1054.04
Cynthia Weaver,Monitor,7/16/2020,649.54
Mr. Brandon Robinson,Printer,11/5/2020,1627.09
William Johnson,Printer,4/9/2020,1839.5
Judith Oconnor,Drone,6/19/2020,1998.06
Robert Peterson,Keyboard,7/7/2021,946.21
Paul Martinez,Smartphone,1/29/2023,1774.14
Daniel Bonilla,Power Bank,7/6/2022,469.64
Barbara Maddox,VR Headset,5/25/2024,411.16
Cynthia Weaver,Hard Drive,10/20/2020,1887.51
Tonya Hammond,Power Bank,3/10/2024,1937.27
Daniel Bonilla,Mouse,11/3/2020,1256.01
Michael Gonzalez,Mouse,5/29/2020,1767.16
Brittany Pitts,Graphics Card,2/23/2020,1568.21
Joyce Aguilar,Camera,6/25/2020,1027.97
Beth Hill,Keyboard,10/29/2024,1095.71
Tiffany Griffith,Smart TV,8/3/2021,175.06
Mr. Matthew Hayes,Router,6/29/2021,103.27
Cynthia Weaver,Bluetooth Speaker,3/22/2020,421.01
Ashley Cardenas,Graphics Card,5/7/2020,1405.87
Cynthia Weaver,Smartphone,6/27/2023,191.1
Daniel Bonilla,Keyboard,8/1/2022,1018.82
Mary Rhodes,Drone,6/13/2022,1538.09
Barbara Maddox,SSD,8/5/2021,1728.23
Paul Martinez,SSD,3/20/2020,209.18
Brent Jimenez,Game Console,4/27/2024,1130.28
Roger Flores,Router,8/4/2022,328.36
Michael Morrison,VR Headset,7/17/2022,465.22
Mackenzie Rice,Smartphone,4/14/2024,1012.46
Christina Rodriguez,Game Console,6/9/2021,648.59
Sara Wiggins,Smartwatch,5/13/2021,752.03
Mary Rhodes,Bluetooth Speaker,7/12/2022,1223.45
Mackenzie Rice,Keyboard,8/11/2022,104.38
Mr. Brandon Robinson,Headphones,10/2/2022,584.28
Evan Lloyd,Keyboard,6/7/2020,1566.23
Jacob Malone,VR Headset,3/11/2024,1085.9
Brent Jimenez,Drone,5/6/2023,1422.78
Christina Rodriguez,Drone,10/12/2021,1328
Judith Oconnor,SSD,3/12/2023,1126.68
Maria Williams,Smartwatch,11/14/2023,648.36
Kevin Baker,Mouse,2/28/2022,774.98
Ernest Clark,Headphones,4/17/2024,1530.86
William Johnson,Smartphone,4/5/2021,844.84
Brittany Pitts,Mouse,7/11/2022,173.43
Judith Oconnor,Smartwatch,4/15/2022,1600.39
Ashley Cardenas,Power Bank,3/30/2023,205.41
Brent Jimenez,Printer,1/31/2023,551.93
Mr. Matthew Hayes,Smart TV,9/30/2021,1202.31
Ashley Cardenas,Monitor,8/2/2022,1575.47
Mr. Matthew Hayes,Graphics Card,10/16/2020,953.39
Michael Rhodes,Laptop,2/2/2024,769.45
Brent Jimenez,Smart TV,7/13/2022,1931.61
Stephanie Wilson,Headphones,10/9/2020,145.2
Ernest Clark,Monitor,7/5/2020,305.4
Barbara Maddox,Tablet,5/14/2021,1732.52
Maria Williams,Mouse,6/20/2020,1522.75
Tonya Hammond,Router,8/27/2020,1639.36
Michael Morrison,VR Headset,8/1/2023,1567.01
Michael Gonzalez,Laptop,3/19/2023,339.68
Kevin Baker,Headphones,6/7/2023,477.86
Jacob Malone,Power Bank,9/30/2023,751.28
Christina Rodriguez,Headphones,11/18/2024,1024.31
Judith Oconnor,Drone,7/3/2020,1964.06
Ashley Cardenas,Game Console,4/24/2021,529.98
Mr. Matthew Hayes,Hard Drive,9/29/2022,1584.43
Evan Lloyd,Laptop,10/18/2022,107.19
Cynthia Weaver,Monitor,3/22/2023,416.33
Mr. Matthew Hayes,Power Bank,12/18/2023,1507.2
Mr. Brandon Robinson,Keyboard,3/6/2024,1654.49
Sara Wiggins,Smartphone,6/21/2021,520.51
Joyce Aguilar,Mouse,6/3/2020,1152.54
Judith Oconnor,Smartphone,4/11/2022,1542.65
Christina Rodriguez,Mouse,2/16/2020,920.49
Stephanie Wilson,Drone,7/13/2023,616.93
William Johnson,Smartwatch,3/14/2022,1551.5
Alexis Brown,Power Bank,11/17/2022,1518.5
Tiffany Griffith,SSD,3/19/2023,390.28
Mr. Brandon Robinson,Smartwatch,4/26/2023,498.72
Michael Morrison,Printer,3/22/2023,703.56
William Johnson,SSD,6/30/2023,1482.87
Cynthia Weaver,SSD,4/2/2024,1721.98
Michael Rhodes,Smartwatch,3/25/2020,548.1
Joshua Chan,Router,5/23/2021,231.51
Sara Wiggins,Router,8/2/2020,69.78
Mackenzie Rice,Smartphone,7/22/2023,904.56
Matthew Randall,Headphones,1/16/2023,1830.46
Daniel Bonilla,Keyboard,11/23/2023,1905.46
Tina Williams,Hard Drive,2/23/2024,1007.06
Evan Lloyd,Router,8/6/2022,1359.45
Jose Franklin,Mouse,4/21/2023,573.44
Michael Rhodes,Tablet,10/12/2020,1006.61
Judith Oconnor,Hard Drive,6/29/2020,1284.59
Brittany Pitts,Graphics Card,9/7/2023,1596.68
Tonya Hammond,Bluetooth Speaker,6/3/2021,1700.16
Barbara Maddox,Laptop,12/22/2022,265.21
Stephanie Wilson,Power Bank,10/16/2021,559.04
George Gallagher,Monitor,6/23/2020,1516.52
William Johnson,Printer,10/17/2024,942.08
Mary Rhodes,Laptop,1/11/2024,1354.29
Evan Lloyd,Monitor,12/19/2021,1436.91
Paul Lee,Monitor,5/21/2020,780.75
Tonya Hammond,Hard Drive,9/6/2022,1268.11
Barbara Maddox,VR Headset,6/6/2021,338.5
Tiffany Griffith,Tablet,8/28/2021,1265.11
Paul Martinez,Monitor,2/23/2024,1407.81
Daniel Bonilla,Hard Drive,2/8/2024,1976.49
Jacob Malone,Power Bank,7/23/2020,796.24
Matthew Randall,Game Console,7/2/2024,350.76
Jose Franklin,Tablet,6/25/2021,1987.69
Mackenzie Rice,Smartphone,7/6/2020,214.68
Barbara Maddox,Camera,12/23/2021,1571.8
Christina Rodriguez,VR Headset,2/20/2021,1402.76
Christina Rodriguez,Camera,11/6/2022,987.5
Christina Rodriguez,SSD,2/27/2020,883.84
William Johnson,Smart TV,9/17/2021,822.74
Jose Franklin,Smartwatch,4/24/2023,1310.8
Mr. Brandon Robinson,Camera,10/24/2022,1744.7
Alexis Brown,Power Bank,10/5/2020,1013.97
Jose Franklin,Printer,7/28/2023,1299.12
George Gallagher,SSD,12/1/2023,181.83
Brent Jimenez,Smartphone,6/10/2022,1710.89
Brent Jimenez,Smart TV,2/17/2023,809.14
Paul Martinez,Keyboard,1/30/2020,655.3
Michael Rhodes,Tablet,10/29/2022,294.4
Mr. Brandon Robinson,Laptop,12/10/2023,389.61
Daniel Bonilla,Monitor,6/4/2020,1872.45
Robert Peterson,Printer,3/10/2024,1566
Barbara Maddox,Keyboard,7/3/2020,1631.4
Michael Morrison,Bluetooth Speaker,5/2/2022,156.25
Jose Franklin,Graphics Card,11/11/2021,1930.28
Jose Franklin,Smartwatch,12/17/2022,895.23
Paul Lee,Camera,4/23/2023,1892.44
Brittany Pitts,Monitor,5/9/2023,1917.38
Daniel Bonilla,SSD,11/2/2022,147.69
Roger Flores,Drone,2/2/2022,1853.75
Annette Smith,Printer,7/28/2022,55.5
Mr. Matthew Hayes,Bluetooth Speaker,3/23/2023,144.16
Judith Oconnor,Hard Drive,2/3/2021,1532.77
Annette Smith,Camera,9/24/2022,599.9
Joyce Aguilar,Laptop,12/15/2022,513.79
Alexis Brown,Monitor,1/5/2021,933.55
Michael Rhodes,Graphics Card,12/13/2022,1197.99
Judith Oconnor,Power Bank,6/5/2021,939.5
Robert Peterson,Power Bank,5/12/2023,333.49
Stephanie Wilson,SSD,9/2/2023,616.63
Sara Wiggins,Monitor,6/3/2024,558.13
Beth Hill,Drone,9/3/2024,1235.58
Sara Wiggins,Graphics Card,9/29/2020,851.38
Roger Flores,Router,12/27/2023,1305.32
Ashley Cardenas,Monitor,1/27/2023,1100.15
Mr. Matthew Hayes,Tablet,1/22/2024,1099.15
Maria Williams,Hard Drive,6/15/2022,556.24
Stephanie Wilson,Graphics Card,5/23/2020,1007.34
Brent Jimenez,Monitor,10/17/2020,981.3
Ashley Cardenas,Laptop,1/16/2023,1620.51
Matthew Randall,Laptop,7/19/2024,1657.28
Jose Franklin,Laptop,12/15/2022,533.3
Paul Lee,Game Console,7/16/2022,1036.05
Michael Gonzalez,Tablet,10/10/2024,508.35
Joshua Chan,Keyboard,7/16/2022,280.38
Brittany Pitts,Hard Drive,5/3/2020,479.37
Evan Lloyd,Graphics Card,9/24/2023,1903.84
Michael Rhodes,Camera,10/6/2021,501.02
Brent Jimenez,Tablet,2/21/2022,1884.65
Alexis Brown,Laptop,12/25/2023,1173.2
Mr. Matthew Hayes,VR Headset,10/5/2021,1264.98
Alexis Brown,Graphics Card,5/9/2024,458.12
Christina Rodriguez,Hard Drive,7/21/2020,1896.83
Mary Rhodes,Smart TV,1/5/2024,1398.18
Robert Peterson,Game Console,2/29/2024,914.61
Ashley Cardenas,Graphics Card,9/29/2021,1071.48
Sara Wiggins,Headphones,12/18/2024,960.33
Tina Williams,Printer,10/13/2024,1739.43
Cynthia Weaver,Laptop,10/29/2023,603.66
Jacob Malone,Smartphone,6/16/2020,347.9
Annette Smith,Game Console,4/8/2020,535.3
Mary Rhodes,Hard Drive,10/20/2021,429.84
Evan Lloyd,Monitor,12/31/2022,1637.2
Tiffany Griffith,Tablet,2/13/2024,1185.01
Cynthia Weaver,Graphics Card,9/11/2022,1329.64
Mr. Matthew Hayes,Smart TV,1/22/2021,610.7
Mary Rhodes,Bluetooth Speaker,11/21/2020,254.53
Barbara Maddox,Router,6/8/2024,1875
Paul Lee,Hard Drive,6/9/2023,1419.63
Michael Morrison,Hard Drive,10/16/2024,1418.43
Paul Lee,Keyboard,3/8/2024,482.26
Michael Gonzalez,Camera,3/4/2023,1294.84
Cynthia Weaver,Graphics Card,5/29/2022,1618.15
Joshua Chan,Printer,8/7/2022,1567.46
Ernest Clark,Graphics Card,11/18/2021,1547.37
Annette Smith,Smartwatch,2/13/2024,710.68
Michael Rhodes,Smartwatch,5/31/2022,1879.95
Cynthia Weaver,Tablet,3/22/2023,377.89
Christina Rodriguez,Laptop,8/19/2022,799.63
Mackenzie Rice,Printer,8/1/2023,503.59
Michael Gonzalez,Hard Drive,9/12/2021,430.4
Barbara Maddox,Smart TV,4/15/2021,1682.12
Maria Williams,Keyboard,11/5/2024,1008.66
Judith Oconnor,SSD,2/4/2023,1868.66
Brittany Pitts,Smart TV,3/19/2024,1332.03
Tiffany Griffith,Mouse,9/14/2022,577.86
Tonya Hammond,Monitor,11/23/2023,973.02
Maria Williams,SSD,3/17/2020,1722.57
Mr. Brandon Robinson,Game Console,11/30/2022,380.95
Alexis Brown,SSD,7/13/2023,1022.55
Paul Lee,Bluetooth Speaker,4/27/2022,1192.76
Michael Gonzalez,Headphones,11/2/2021,415.61
Mackenzie Rice,Smartphone,5/19/2020,1470.89
Tonya Hammond,Mouse,5/31/2021,1521.72
Mary Rhodes,Graphics Card,7/11/2020,349.14
Annette Smith,Smartwatch,11/26/2023,385.9
Joshua Chan,Smartphone,8/1/2023,829.26
Jose Franklin,Drone,10/14/2022,1851.35
Michael Gonzalez,Hard Drive,1/10/2022,188.48
Paul Lee,Drone,8/20/2024,112.17
Mr. Brandon Robinson,Hard Drive,5/26/2021,805.61
Sara Wiggins,VR Headset,9/1/2024,1546.92
Michael Morrison,Laptop,3/17/2024,436.87
Joshua Chan,Camera,10/17/2022,1070.37
Jose Franklin,Smart TV,5/2/2023,1797.47
Paul Lee,Game Console,2/5/2023,1431.21
Christina Rodriguez,Hard Drive,11/5/2022,1828.24
Judith Oconnor,Laptop,8/1/2022,1034.43
Brittany Pitts,Bluetooth Speaker,7/30/2020,1676.58
Beth Hill,Power Bank,7/10/2020,805.98
Beth Hill,Keyboard,9/7/2022,229.59
Barbara Maddox,Smartphone,7/18/2022,1690.24
Jacob Malone,Bluetooth Speaker,6/6/2023,1484.24
Paul Martinez,Smartphone,12/18/2020,72.46
Stephanie Wilson,Smart TV,2/15/2021,412.44
Matthew Randall,Router,2/8/2022,265.31
Michael Rhodes,Camera,11/15/2020,1666.2
Maria Williams,Drone,4/23/2024,495.99
Stephanie Wilson,Monitor,1/27/2021,782.94
Jacob Malone,Printer,3/26/2024,90.22
Ernest Clark,Printer,1/31/2020,1377.83
Sara Wiggins,Laptop,11/13/2024,203.72
George Gallagher,Drone,3/30/2024,1450.83
Cynthia Weaver,Headphones,4/5/2021,960.84
Cynthia Weaver,Keyboard,3/2/2024,1745.41
Kevin Baker,Router,11/14/2023,1094.68
Beth Hill,Bluetooth Speaker,4/22/2023,137.65
Tina Williams,Router,2/15/2020,1162.48
Tonya Hammond,Mouse,10/13/2024,1083.93
Brittany Pitts,Laptop,6/7/2020,467.25
Beth Hill,Drone,12/30/2023,1899.51
Annette Smith,Drone,6/16/2024,1917.42
Jacob Malone,Camera,8/9/2022,465.91
Alexis Brown,Router,12/8/2023,1682.01
Matthew Randall,Graphics Card,7/22/2021,1942.73
Jose Franklin,Smartphone,3/9/2023,1995.12
George Gallagher,Game Console,4/19/2020,782.89
Roger Flores,Smart TV,9/13/2021,902.22
Stephanie Wilson,Drone,1/28/2024,1407.57
Judith Oconnor,Camera,5/27/2023,1329.06
Mackenzie Rice,Keyboard,11/23/2023,1936
Sara Wiggins,Game Console,3/27/2022,716.23
Matthew Randall,Tablet,11/29/2023,1869.76
Judith Oconnor,Bluetooth Speaker,5/31/2022,1016.9
Kevin Baker,Tablet,2/16/2024,1789.36
Judith Oconnor,Printer,12/18/2021,1008.62
Mackenzie Rice,Graphics Card,6/9/2023,1161.05
Mackenzie Rice,Printer,12/22/2020,1450.57
Judith Oconnor,Headphones,7/5/2023,1953.71
Mackenzie Rice,Camera,9/21/2023,132
Michael Gonzalez,Headphones,8/29/2021,218.08
Mary Rhodes,Camera,2/2/2024,1848.27
Sara Wiggins,Graphics Card,12/16/2023,204.35
Paul Lee,VR Headset,1/14/2021,496.38
Evan Lloyd,Tablet,8/16/2024,1684.93
Brent Jimenez,Laptop,8/6/2022,528.66
Joshua Chan,Camera,9/26/2023,676.41
Judith Oconnor,Tablet,2/7/2023,1282.86
Roger Flores,Tablet,12/20/2021,686.01
Matthew Randall,Game Console,9/4/2021,1290.26
Mary Rhodes,Graphics Card,8/21/2022,904.13
Michael Rhodes,Router,3/3/2020,1295.54
Jacob Malone,Keyboard,1/11/2022,1574.75
Paul Martinez,VR Headset,8/20/2021,219.84
Judith Oconnor,Monitor,1/23/2023,1169.93
Tonya Hammond,Game Console,6/2/2022,130.57
Jose Franklin,Power Bank,10/8/2021,172.18
Ernest Clark,Smartphone,6/14/2023,1801.89
Evan Lloyd,Headphones,1/20/2024,63.9
Michael Morrison,Keyboard,6/9/2023,408.05
Brent Jimenez,Smart TV,9/5/2023,1688.44
Jacob Malone,Bluetooth Speaker,7/23/2024,562.66
Brittany Pitts,Power Bank,4/21/2021,451.21
Ernest Clark,Camera,9/5/2021,200.52
Michael Rhodes,VR Headset,12/12/2022,1373.16
Brittany Pitts,Keyboard,10/21/2021,1495.15
Ernest Clark,Keyboard,12/3/2023,1112.94
Mackenzie Rice,Router,9/7/2020,1153.21
Tonya Hammond,Laptop,11/9/2020,933.22
Michael Morrison,Graphics Card,10/17/2022,206.9
Joyce Aguilar,Hard Drive,7/28/2021,546.06
Mackenzie Rice,Printer,3/13/2021,945.95
Alexis Brown,Headphones,1/17/2020,1990.61
Brent Jimenez,Hard Drive,4/20/2024,1762.82
Tonya Hammond,Laptop,4/29/2022,1302.65
Paul Martinez,Printer,9/3/2020,438.09
Kevin Baker,Monitor,10/28/2023,116.16
Paul Martinez,Graphics Card,10/15/2020,804.56
Paul Lee,Laptop,12/4/2020,833.05
Michael Gonzalez,Game Console,9/5/2021,769.39
Cynthia Weaver,VR Headset,1/25/2023,145.43
Roger Flores,Power Bank,6/24/2024,93.36
William Johnson,Power Bank,4/9/2024,1807.99
Mary Rhodes,Tablet,11/20/2024,964.79
Robert Peterson,Laptop,10/19/2024,452.98
Evan Lloyd,Laptop,5/23/2020,564.6
Joshua Chan,Power Bank,2/12/2024,60.92
Jose Franklin,Drone,11/23/2023,1918.89
Tina Williams,Laptop,6/26/2020,466.36
Alexis Brown,Drone,2/6/2020,717.72
Annette Smith,Printer,6/29/2023,740.78
Joshua Chan,Keyboard,11/27/2020,1411.99
Barbara Maddox,Mouse,3/3/2023,1294.6
Ernest Clark,Laptop,9/18/2023,1722.91
Sara Wiggins,Tablet,3/19/2023,1365.21
Brittany Pitts,Smart TV,5/1/2022,286
Mr. Matthew Hayes,Power Bank,5/3/2021,1343.22
Jacob Malone,VR Headset,3/24/2024,1107.39
Sara Wiggins,Camera,10/25/2023,975.87
Kevin Baker,Monitor,5/5/2021,707.16
George Gallagher,Power Bank,7/15/2022,1395.36
Alexis Brown,Graphics Card,1/30/2020,1746.27
Tonya Hammond,VR Headset,8/15/2020,946
Robert Peterson,Hard Drive,5/24/2022,826.75
Tonya Hammond,Smartwatch,6/18/2023,426.46
Mary Rhodes,Game Console,2/28/2020,1858.91
Tina Williams,Printer,6/21/2020,1475
Tina Williams,Camera,2/19/2024,1070.22
Stephanie Wilson,Tablet,1/14/2020,1534.15
Maria Williams,Game Console,12/22/2023,963.2
Annette Smith,Game Console,7/15/2020,138.95
Brittany Pitts,Smartphone,10/23/2022,1839.85
Tiffany Griffith,SSD,12/19/2021,1119.19
Ashley Cardenas,SSD,7/12/2022,581.65
Alexis Brown,Tablet,12/12/2022,948.51
Kevin Baker,Tablet,1/23/2022,171.07
Robert Peterson,SSD,12/20/2020,1656.94
Annette Smith,SSD,10/17/2024,1451.46
Jacob Malone,VR Headset,1/23/2020,1100.72
Mr. Brandon Robinson,VR Headset,10/7/2021,1040.34
Kevin Baker,Monitor,9/22/2024,1432.18
Mary Rhodes,Smartphone,12/29/2021,1948.01
Tina Williams,Headphones,10/3/2023,327.14
Maria Williams,Hard Drive,9/27/2022,144.88
Jose Franklin,Camera,4/8/2024,787.11
Mr. Matthew Hayes,Mouse,7/26/2021,523.9
Ernest Clark,Bluetooth Speaker,12/23/2020,100.92
Ernest Clark,SSD,3/24/2022,389.14
Mackenzie Rice,Camera,1/29/2021,1988.74
Mr. Brandon Robinson,Hard Drive,4/2/2020,236.12
Evan Lloyd,Printer,4/13/2020,1050.98
Paul Lee,Headphones,9/26/2022,1497.82
Joshua Chan,Tablet,11/30/2024,1473.59
Kevin Baker,Smartphone,1/1/2020,577.29
Alexis Brown,Game Console,6/1/2021,1376.77
Jose Franklin,Bluetooth Speaker,4/9/2020,901.04
Judith Oconnor,SSD,12/21/2022,1997.87
Paul Lee,Camera,11/13/2020,958.34
Tonya Hammond,Camera,12/17/2021,1096.98
Kevin Baker,Smartphone,11/1/2024,1056.3
Ernest Clark,Keyboard,7/18/2023,988.2
Cynthia Weaver,SSD,11/26/2023,1270.35
George Gallagher,Drone,10/20/2023,274.87
Joyce Aguilar,Tablet,9/3/2023,948.48
Jose Franklin,Game Console,8/9/2022,1749.79
Roger Flores,VR Headset,8/28/2020,1655.52
Barbara Maddox,Drone,7/16/2024,486.79
Mr. Matthew Hayes,Smartphone,8/31/2020,1390.18
Robert Peterson,Graphics Card,10/7/2023,608.01
William Johnson,Hard Drive,10/24/2023,715.84
Mr. Matthew Hayes,Power Bank,12/16/2020,176.13
George Gallagher,Smartphone,4/19/2023,630.61
Brittany Pitts,Smart TV,11/8/2020,232.04
Christina Rodriguez,Keyboard,4/13/2020,1297.77
Paul Lee,Camera,2/15/2021,1920.18
Ashley Cardenas,Mouse,7/31/2020,1223.82
Paul Martinez,Smartwatch,5/27/2022,1011.21
Paul Martinez,VR Headset,7/20/2024,525.17
Joshua Chan,Smart TV,6/18/2024,1591
Maria Williams,Bluetooth Speaker,11/29/2023,1192.6
Ashley Cardenas,Printer,4/27/2022,1347.77
Stephanie Wilson,Smartwatch,5/30/2023,1444.33
Roger Flores,Laptop,12/10/2022,910.65
Michael Rhodes,Monitor,5/30/2023,1398.72
Barbara Maddox,Headphones,5/7/2021,795.18
Robert Peterson,Router,9/17/2024,858.17
Tina Williams,Graphics Card,6/9/2024,1743.97
Alexis Brown,Keyboard,11/13/2020,727.3
Robert Peterson,SSD,3/5/2021,498.08
Evan Lloyd,Hard Drive,10/20/2023,776.57
Cynthia Weaver,Mouse,12/15/2022,1876.84
Beth Hill,Keyboard,8/12/2023,487.26
Brittany Pitts,Keyboard,2/7/2024,1139.64
Mr. Brandon Robinson,Printer,6/28/2023,1871.9
Stephanie Wilson,Router,1/23/2021,1352
Robert Peterson,VR Headset,1/22/2022,1742.07
Robert Peterson,SSD,6/28/2023,53.32
Annette Smith,VR Headset,2/25/2023,1691.83
Jose Franklin,Headphones,7/27/2022,676.15
Robert Peterson,SSD,3/14/2024,534.65
Annette Smith,Bluetooth Speaker,8/15/2024,472.37
George Gallagher,Smartphone,7/1/2021,789.03
William Johnson,Power Bank,6/25/2021,1184.05
Stephanie Wilson,Drone,8/1/2023,1283.4
Mackenzie Rice,Game Console,12/22/2022,898.61
Kevin Baker,Laptop,9/9/2022,75.36
Kevin Baker,Tablet,2/7/2021,900.38
Ernest Clark,Monitor,6/2/2024,279.19
Joshua Chan,Drone,6/26/2024,682.56
Beth Hill,Tablet,1/24/2020,1971.91
Mary Rhodes,Mouse,4/27/2023,239.21
Judith Oconnor,Camera,1/4/2023,1381.38
Joyce Aguilar,Smartwatch,1/2/2022,314.19
Michael Gonzalez,Graphics Card,1/1/2022,875.75
Mackenzie Rice,SSD,2/8/2024,559.69
Mary Rhodes,Keyboard,6/26/2021,377.62
Michael Rhodes,Bluetooth Speaker,1/7/2021,618.83
Tiffany Griffith,Tablet,8/26/2022,1114.2
Cynthia Weaver,Printer,12/8/2021,1236.9
Tiffany Griffith,Camera,5/20/2021,1059.13
Tina Williams,Smartwatch,12/6/2022,723.73
Matthew Randall,Graphics Card,2/16/2020,557.14
Mackenzie Rice,Smartwatch,2/27/2022,1817.13
Ashley Cardenas,Bluetooth Speaker,2/25/2020,1232.26
William Johnson,Graphics Card,8/21/2023,235.71
Tonya Hammond,Mouse,4/13/2020,1156.33
Christina Rodriguez,Drone,3/20/2021,759.49
Roger Flores,Smartwatch,5/27/2022,1489.73
Ernest Clark,Printer,3/3/2020,896.33
Stephanie Wilson,Hard Drive,7/9/2021,1577.41
Cynthia Weaver,Tablet,1/28/2022,1106.12
Jose Franklin,Bluetooth Speaker,10/2/2023,1245.21
Matthew Randall,Smart TV,6/13/2023,1649.7
Annette Smith,Monitor,8/20/2023,689.83
Michael Rhodes,Router,5/18/2022,620.03
Michael Morrison,Headphones,9/16/2021,836.67
Tonya Hammond,Drone,12/13/2020,1848.03
Tonya Hammond,Hard Drive,1/29/2021,926.37
Daniel Bonilla,Smartphone,7/8/2024,1546.51
Mary Rhodes,Router,8/28/2022,458.69
Joshua Chan,Camera,2/27/2023,416.59
Mr. Matthew Hayes,Printer,5/8/2020,1189.18
Brent Jimenez,SSD,6/27/2023,1150.1
Sara Wiggins,Hard Drive,3/28/2021,892.99
Evan Lloyd,Bluetooth Speaker,11/10/2021,573.74
Joshua Chan,Mouse,12/14/2023,1790.3
Joyce Aguilar,Power Bank,5/16/2020,613.91
Paul Lee,Bluetooth Speaker,1/26/2022,791.08
Paul Martinez,Headphones,8/13/2020,129.42
Daniel Bonilla,Router,5/12/2020,1948.9
Michael Gonzalez,Tablet,12/1/2021,982.65
Barbara Maddox,Smart TV,12/21/2020,1576.49
Jose Franklin,Smart TV,5/5/2020,832.72
Tiffany Griffith,Monitor,7/21/2022,1908
Tiffany Griffith,Game Console,8/10/2021,1494.96
Annette Smith,Bluetooth Speaker,12/4/2020,1419.99
Robert Peterson,Headphones,5/9/2021,162.22
Annette Smith,Headphones,8/29/2023,223.66
Michael Morrison,VR Headset,4/6/2021,336.82
Mackenzie Rice,Smart TV,3/12/2020,878.9
Ernest Clark,Smartwatch,5/21/2023,1802.65
Jose Franklin,Mouse,9/12/2021,1123.33
Mackenzie Rice,Printer,8/29/2024,1303.53
Christina Rodriguez,Laptop,8/7/2024,1533.69
Ashley Cardenas,Game Console,2/19/2023,402.54
Paul Lee,VR Headset,11/7/2021,1559.08
Stephanie Wilson,Smartphone,2/7/2020,97.95
Joshua Chan,Mouse,7/3/2024,520.09
Mr. Matthew Hayes,Laptop,10/25/2023,1916.1
Beth Hill,Hard Drive,1/14/2024,1830.44
Roger Flores,Smartwatch,8/30/2021,380.36
Alexis Brown,Tablet,12/19/2020,1540.98
Michael Gonzalez,Camera,3/7/2020,623.55
Roger Flores,Drone,11/4/2020,291.25
Jacob Malone,Camera,10/21/2020,1013.53
Maria Williams,Smartphone,8/6/2021,63.87
Paul Lee,Smartwatch,10/13/2023,1931.85
Beth Hill,Tablet,8/16/2022,158.66
Matthew Randall,Bluetooth Speaker,12/8/2024,312.09
Brent Jimenez,Game Console,7/28/2020,1798.25
William Johnson,Router,5/3/2021,127.13
Kevin Baker,SSD,5/15/2023,1905.29
Mr. Brandon Robinson,Camera,8/6/2023,84.7
Mackenzie Rice,Router,4/27/2020,503.28
Judith Oconnor,Graphics Card,2/12/2023,1959.96
Barbara Maddox,Laptop,12/12/2023,1054.82
Annette Smith,Smartphone,7/19/2024,1733.31
Annette Smith,Camera,7/14/2020,660.12
Ashley Cardenas,Laptop,3/31/2024,1241.16
Alexis Brown,Laptop,1/15/2021,1256.47
Daniel Bonilla,Mouse,9/8/2020,1283.19
Cynthia Weaver,Smartwatch,3/7/2020,890.31
Ashley Cardenas,Smartwatch,4/3/2023,1165.95
Judith Oconnor,Drone,2/15/2024,1190.7
Barbara Maddox,Game Console,11/13/2024,329.05
Tiffany Griffith,Drone,7/21/2020,1987.86
Annette Smith,Tablet,6/4/2023,1213
Mr. Brandon Robinson,Router,7/20/2020,1701.17
Brent Jimenez,Router,8/22/2021,1794.83
Michael Gonzalez,Keyboard,11/5/2020,252.78
Annette Smith,Power Bank,3/20/2024,629.16
William Johnson,Mouse,11/18/2023,1389.78
Cynthia Weaver,VR Headset,6/29/2020,998.42
Mackenzie Rice,Bluetooth Speaker,9/28/2023,630.36
Beth Hill,Tablet,8/12/2022,260.27
Christina Rodriguez,Camera,7/21/2022,1005.29
Annette Smith,Tablet,3/9/2023,1310.28
Mr. Brandon Robinson,Router,1/13/2021,1339.73
Roger Flores,Printer,6/20/2022,993.22
Cynthia Weaver,Smartphone,10/31/2024,1790.11
Paul Lee,Graphics Card,1/22/2022,1722.96
George Gallagher,Router,8/7/2020,1747.09
Brent Jimenez,Smartphone,12/13/2020,543.29
Mary Rhodes,Smartphone,6/12/2024,1365.06
Barbara Maddox,Keyboard,7/16/2022,881.5
Christina Rodriguez,Bluetooth Speaker,1/7/2022,689.72
Maria Williams,Hard Drive,11/14/2020,541.43
Tiffany Griffith,Smart TV,3/23/2020,1704.26
Jacob Malone,Tablet,2/12/2022,1881.19
Ashley Cardenas,Tablet,12/15/2020,1569.89
Joyce Aguilar,Hard Drive,3/10/2020,1485.3
Ernest Clark,Game Console,1/28/2020,1400.8
Brittany Pitts,Smartphone,12/5/2024,927.86
Beth Hill,Monitor,10/4/2021,1559.44
Ernest Clark,VR Headset,1/19/2021,1184.02
Matthew Randall,Router,4/29/2022,1589.64
Annette Smith,Tablet,6/13/2023,309.65
Jose Franklin,Tablet,1/14/2023,1255.49
Brent Jimenez,Power Bank,3/21/2020,458.85
Cynthia Weaver,Laptop,11/19/2021,1876.85
Maria Williams,Monitor,10/29/2022,68.85
Ashley Cardenas,Keyboard,6/16/2021,1791.96
Cynthia Weaver,Laptop,8/15/2023,692.57
Roger Flores,Router,10/13/2024,234
Roger Flores,Printer,9/11/2021,1691.91
Alexis Brown,Bluetooth Speaker,1/26/2020,206.39
Christina Rodriguez,Graphics Card,9/26/2023,1226.43
William Johnson,Graphics Card,9/3/2023,1548.01
Paul Lee,Bluetooth Speaker,12/8/2021,538.68
Beth Hill,VR Headset,8/27/2023,1843.86
Tina Williams,Router,6/13/2022,1437.53
Mary Rhodes,Monitor,11/26/2024,1182.99
Roger Flores,Printer,6/5/2024,1434.16
Tonya Hammond,Game Console,9/20/2023,1544.38
Maria Williams,Drone,12/19/2020,662.69
Joyce Aguilar,Smartwatch,2/22/2024,1651.67
Jacob Malone,Game Console,2/9/2022,1150.84
Michael Morrison,Game Console,6/6/2024,874.6
Mr. Matthew Hayes,Router,8/26/2020,1865.82
Paul Lee,Smart TV,9/8/2020,104.82
Judith Oconnor,Bluetooth Speaker,2/17/2021,481.14
Mackenzie Rice,Smartwatch,3/30/2022,839.09
Christina Rodriguez,Smartwatch,1/20/2020,1676.35
Tina Williams,Smartphone,9/1/2022,168.32
Christina Rodriguez,VR Headset,7/14/2021,683.22
Michael Gonzalez,Smartphone,8/4/2023,708.12
Michael Gonzalez,Game Console,11/20/2020,797.49
Maria Williams,Hard Drive,12/4/2022,1158.01
Mary Rhodes,Smartphone,2/22/2020,359.68
Sara Wiggins,Smartphone,7/13/2022,1182.64
Brent Jimenez,Tablet,11/12/2020,839.66
Mr. Matthew Hayes,Keyboard,10/7/2021,1027.26
Michael Morrison,SSD,8/3/2020,1428.33
Matthew Randall,Hard Drive,9/17/2020,1553.66
Tina Williams,Graphics Card,8/29/2023,1685.09
Joyce Aguilar,Keyboard,5/30/2023,285.13
Roger Flores,Smartphone,9/25/2023,352.4
Paul Martinez,Smart TV,9/25/2022,218.44
Cynthia Weaver,Mouse,5/12/2023,1644.01
Brittany Pitts,Smartphone,7/11/2024,281.23
Maria Williams,Printer,1/13/2022,984.08
Cynthia Weaver,Bluetooth Speaker,12/2/2020,1579.97
Paul Martinez,Graphics Card,8/31/2022,1734.83
Daniel Bonilla,Smartphone,9/21/2024,433.12
Mary Rhodes,Camera,5/2/2020,1621.08
Joyce Aguilar,Keyboard,7/9/2022,1089.63
Michael Morrison,Camera,7/1/2022,1786
Michael Morrison,Headphones,1/3/2022,1885.16
Robert Peterson,Smartphone,9/16/2021,869.83
Michael Morrison,Hard Drive,8/5/2023,1068.49
Matthew Randall,Camera,1/3/2020,1695.55
Tiffany Griffith,Keyboard,1/22/2020,1718.07
Annette Smith,Printer,4/21/2023,1242.52
Mackenzie Rice,Tablet,3/20/2021,1588.63
William Johnson,SSD,1/3/2023,953.87
Paul Martinez,Router,8/2/2021,1940.88
Stephanie Wilson,Router,10/30/2021,476.25
Mary Rhodes,Printer,8/30/2022,66.71
Daniel Bonilla,Mouse,3/20/2023,1597.42
Matthew Randall,Keyboard,2/16/2022,1301.05
Mr. Matthew Hayes,Mouse,8/6/2023,148.31
Beth Hill,Smartwatch,3/10/2024,1154.84
Robert Peterson,Hard Drive,3/31/2023,661.23
Maria Williams,Game Console,3/5/2022,1547.75
Jose Franklin,Hard Drive,2/28/2020,799.81
Michael Morrison,Graphics Card,8/16/2023,1822.65
Matthew Randall,Drone,3/11/2022,672.05
Tiffany Griffith,Headphones,3/18/2023,796.25
William Johnson,Mouse,5/31/2024,1968.1
Evan Lloyd,Keyboard,12/10/2024,1760.16
Mackenzie Rice,Headphones,9/5/2021,1042.03
Judith Oconnor,Printer,6/11/2022,818.41
Joshua Chan,Smartwatch,3/11/2023,557.36
Tina Williams,Hard Drive,2/23/2020,1175.37
Maria Williams,Printer,4/19/2020,533.74
Beth Hill,SSD,6/1/2023,1082.59
Robert Peterson,Keyboard,8/15/2023,1988.92
Judith Oconnor,Tablet,11/22/2021,541.37
Brittany Pitts,Laptop,6/26/2020,100.49
Robert Peterson,Graphics Card,7/1/2024,67.03
Mackenzie Rice,Headphones,3/21/2023,1431.41
Michael Morrison,Camera,10/4/2022,973.54
Michael Rhodes,VR Headset,4/17/2021,985.11
Jose Franklin,Drone,4/26/2024,1770.23
Beth Hill,Power Bank,12/23/2022,575.54
Kevin Baker,Game Console,8/25/2021,531.66
Mr. Matthew Hayes,Smart TV,8/3/2023,1334.36
Mackenzie Rice,Laptop,11/4/2021,1788.3
Michael Rhodes,Bluetooth Speaker,2/25/2022,452.72
Brittany Pitts,Tablet,11/5/2021,1055.45
Jacob Malone,VR Headset,3/8/2022,1908.13
Jose Franklin,Headphones,9/5/2021,482.26
Barbara Maddox,Keyboard,3/31/2021,175.81
Michael Rhodes,Laptop,6/15/2020,152.95
Barbara Maddox,Power Bank,11/21/2023,687.59
William Johnson,Drone,3/16/2023,351.26
Alexis Brown,Drone,7/1/2022,667.26
Ernest Clark,Graphics Card,11/2/2021,1548.98
Joyce Aguilar,Smartwatch,4/24/2022,1650.12
Judith Oconnor,Printer,9/1/2022,521.88
Michael Gonzalez,Monitor,4/8/2021,1063.69
Brent Jimenez,Smart TV,2/9/2022,1147.41
Michael Gonzalez,Mouse,6/2/2024,1098.74
Christina Rodriguez,Printer,5/25/2022,1421.7
Ernest Clark,Hard Drive,8/16/2022,395.51
Paul Martinez,Tablet,12/13/2023,381.91
Joshua Chan,Mouse,2/3/2023,562.31
Paul Martinez,Hard Drive,9/7/2022,550.57
Robert Peterson,Router,12/8/2024,1572.1
Michael Morrison,SSD,5/12/2021,546.02
Robert Peterson,Monitor,5/8/2024,319.94
Tina Williams,VR Headset,2/16/2022,246.89
Tina Williams,SSD,7/19/2024,375.79
Brittany Pitts,Monitor,4/2/2022,1286.4
Michael Gonzalez,Smart TV,3/11/2022,588.82
Brent Jimenez,Smartwatch,4/23/2020,132.11
Jacob Malone,Keyboard,7/16/2023,1202.14
Mary Rhodes,SSD,10/26/2022,1361.72
Michael Morrison,VR Headset,2/1/2023,1165.53
Mr. Brandon Robinson,Smart TV,9/23/2024,449.47
Michael Rhodes,Smart TV,5/7/2021,452.97
Judith Oconnor,Printer,11/6/2024,401.81
Beth Hill,VR Headset,6/30/2024,370.36
Tina Williams,Printer,6/30/2022,1057.13
Paul Martinez,Game Console,5/20/2023,207.32
Brittany Pitts,Bluetooth Speaker,10/9/2023,389.96
Tonya Hammond,Mouse,10/21/2024,1469.68
Tiffany Griffith,Smartphone,12/5/2023,1383.3
Annette Smith,SSD,8/13/2024,1433.39
Barbara Maddox,Keyboard,4/13/2020,1503.81
Ernest Clark,Graphics Card,7/15/2023,714.87
Paul Martinez,Smartphone,4/4/2024,1460.88
Annette Smith,Smart TV,7/15/2020,733.24
Cynthia Weaver,Game Console,12/23/2020,154.07
Ernest Clark,SSD,2/18/2024,1769.87
Jose Franklin,Tablet,8/12/2020,577.2
Brent Jimenez,Router,5/28/2022,1899.23
Jose Franklin,Keyboard,8/27/2022,1279.72
Christina Rodriguez,Hard Drive,4/4/2022,1352.27
Robert Peterson,Power Bank,7/16/2024,1755.36
Michael Morrison,VR Headset,8/4/2021,752.02
Stephanie Wilson,Smart TV,10/8/2024,1176.17
Barbara Maddox,Power Bank,5/1/2024,805.79
Michael Gonzalez,SSD,12/20/2022,646.29
Daniel Bonilla,Camera,12/23/2021,489.62
Brent Jimenez,Drone,8/13/2024,980.55
Roger Flores,Bluetooth Speaker,1/11/2023,1727.36
Jose Franklin,VR Headset,10/12/2020,1160.15
Jose Franklin,SSD,1/26/2020,375.66
Mary Rhodes,Printer,5/12/2022,741.53
Michael Morrison,Laptop,5/8/2021,232.41
Alexis Brown,SSD,5/16/2024,1158.07
Stephanie Wilson,Drone,3/23/2021,496.76
Paul Lee,Mouse,8/15/2022,194.89
Judith Oconnor,Laptop,4/18/2022,919.05
Daniel Bonilla,Smartphone,4/4/2021,946.69
Judith Oconnor,SSD,6/25/2022,51.19
Mr. Matthew Hayes,Power Bank,4/28/2021,1891.63
Mr. Brandon Robinson,Camera,4/13/2021,1539
Christina Rodriguez,VR Headset,8/21/2022,954.38
Jose Franklin,Monitor,4/28/2020,896.68
William Johnson,Mouse,9/20/2024,761.56
Stephanie Wilson,Game Console,6/24/2024,952.39
Robert Peterson,Graphics Card,11/1/2023,164.89
Brittany Pitts,Smartphone,11/17/2021,1936.8
Christina Rodriguez,Smart TV,5/27/2021,749.42
Joshua Chan,Power Bank,5/26/2023,526.59
Stephanie Wilson,Printer,6/28/2023,1794.95
Christina Rodriguez,Printer,5/15/2023,1728.14
Michael Rhodes,Game Console,7/26/2021,424.84
Matthew Randall,Drone,11/29/2023,1347.99
Beth Hill,VR Headset,7/12/2023,517.23
Mr. Matthew Hayes,Graphics Card,10/28/2023,1663.97
Christina Rodriguez,Mouse,1/7/2024,348.5
Joyce Aguilar,Headphones,4/16/2024,1943.66
Ashley Cardenas,Camera,10/18/2020,374.05
Robert Peterson,Power Bank,12/28/2020,859.65
Mr. Brandon Robinson,Headphones,4/29/2022,903.66
Tina Williams,Keyboard,6/1/2024,1470.48
Maria Williams,Game Console,3/1/2022,1550.3
Sara Wiggins,Laptop,5/24/2021,1926.44
Tina Williams,SSD,8/3/2021,1514.7
Barbara Maddox,Camera,11/28/2023,1634.73
Michael Rhodes,Bluetooth Speaker,4/18/2021,1492.29
Michael Gonzalez,Drone,4/19/2024,925.95
Matthew Randall,Bluetooth Speaker,3/18/2021,1104.94
Brittany Pitts,Camera,9/26/2021,528.47
Tonya Hammond,VR Headset,12/9/2021,1952.53
Roger Flores,Headphones,9/21/2022,1100.21
Kevin Baker,Smart TV,3/29/2022,839.34
Joyce Aguilar,Smartwatch,1/18/2023,386.43
Mackenzie Rice,Drone,11/21/2022,305.39
Cynthia Weaver,SSD,2/2/2020,477.42
Joyce Aguilar,Drone,7/12/2020,349.38
George Gallagher,Headphones,3/1/2023,481.27
Maria Williams,Smart TV,2/11/2023,559.71
Paul Lee,Keyboard,10/17/2024,256.12
Tina Williams,Graphics Card,7/14/2020,1478.63
Mr. Brandon Robinson,Keyboard,11/8/2023,251.22
Evan Lloyd,Printer,3/1/2022,1221.14
Mackenzie Rice,Smartwatch,3/16/2022,566.79
Stephanie Wilson,Tablet,5/16/2020,1968.93
Michael Rhodes,Printer,9/26/2021,308.29
Paul Martinez,Graphics Card,9/29/2022,796.58
Tiffany Griffith,Printer,5/30/2020,824.52
Mr. Matthew Hayes,Hard Drive,4/14/2020,54.37
Ernest Clark,Game Console,11/29/2020,534.27
Mackenzie Rice,Camera,7/27/2024,1614.73
Maria Williams,Smartphone,10/1/2020,1945.2
Brent Jimenez,Monitor,10/25/2022,76.25
Michael Gonzalez,Drone,6/24/2021,1817.11
Ashley Cardenas,Bluetooth Speaker,3/25/2021,1095.42
William Johnson,Graphics Card,7/28/2024,1818.87
Mr. Matthew Hayes,Drone,6/14/2021,723.48
Robert Peterson,Mouse,1/25/2023,1560.74
Tiffany Griffith,Router,7/27/2024,570.34
Sara Wiggins,Monitor,2/6/2023,671.81
Michael Rhodes,Headphones,1/1/2022,1404.09
Daniel Bonilla,Mouse,10/4/2021,1683.4
Judith Oconnor,Game Console,2/5/2024,328.3
George Gallagher,Game Console,11/4/2021,281.79
Jose Franklin,Bluetooth Speaker,11/20/2022,741.88
Daniel Bonilla,Headphones,9/12/2020,1047.36
Alexis Brown,Smartwatch,8/17/2020,1205.55
Christina Rodriguez,Headphones,1/7/2020,1015.87
Barbara Maddox,Laptop,11/7/2020,647.88
Cynthia Weaver,Bluetooth Speaker,10/8/2021,1184.27
Tina Williams,SSD,4/22/2020,929
Cynthia Weaver,Bluetooth Speaker,6/7/2020,1359.77
Judith Oconnor,Smart TV,6/11/2021,548.76
Matthew Randall,Bluetooth Speaker,5/29/2021,1126.68
Daniel Bonilla,Keyboard,10/19/2023,1162.84
Ashley Cardenas,Tablet,4/5/2022,1186.35
Beth Hill,SSD,5/16/2020,1525.89
Matthew Randall,SSD,10/29/2021,1863.7
Mr. Brandon Robinson,Smart TV,9/19/2021,1826.97
Judith Oconnor,Graphics Card,11/24/2020,91.22
Robert Peterson,Drone,2/7/2022,1763.95
George Gallagher,Laptop,5/30/2022,1191.37
Alexis Brown,Headphones,8/12/2021,1702.07
Annette Smith,Game Console,10/6/2023,1388.97
Christina Rodriguez,Camera,9/8/2022,1255.63
Michael Morrison,Headphones,11/4/2023,815.59
Beth Hill,Graphics Card,10/1/2023,1685.2
Michael Morrison,Graphics Card,6/3/2021,522.14
Barbara Maddox,Smart TV,7/2/2020,1838.44
Stephanie Wilson,Hard Drive,3/31/2023,479.02
Brent Jimenez,Hard Drive,9/12/2022,1642.47
Joshua Chan,Drone,7/2/2020,1279.66
Daniel Bonilla,Headphones,3/11/2022,1163.61
